timestamp_scrape,percentage,location_name,last_count,updated,open_boolean
2023-07-19 19:17:46.087869-04:00,51.428571428571,Marino Center - 2nd Floor,54,07/19/2023 06:57 PM,True
2023-07-19 19:17:46.088128-04:00,20,Functional Training Area,5,07/19/2023 07:03 PM,True
2023-07-19 19:17:46.088373-04:00,100,Marino Center - 3rd Floor Weight Room,68,07/19/2023 07:06 PM,True
2023-07-19 19:17:46.088729-04:00,81.111111111111,Marino Center - 3rd Floor Select & Cardio,73,07/19/2023 07:06 PM,True
2023-07-19 19:17:46.088957-04:00,100,SquashBusters - 4th Floor,70,07/19/2023 07:15 PM,True
2023-07-19 19:23:02.800323-04:00,51.428571428571,Marino Center - 2nd Floor,54,07/19/2023 06:57 PM,True
2023-07-19 19:23:02.800536-04:00,20,Functional Training Area,5,07/19/2023 07:03 PM,True
2023-07-19 19:23:02.800710-04:00,100,Marino Center - 3rd Floor Weight Room,68,07/19/2023 07:06 PM,True
2023-07-19 19:23:02.800881-04:00,81.111111111111,Marino Center - 3rd Floor Select & Cardio,73,07/19/2023 07:06 PM,True
2023-07-19 19:23:02.801046-04:00,100,SquashBusters - 4th Floor,70,07/19/2023 07:15 PM,True
2023-07-19 19:26:26.070853-04:00,51.428571428571,Marino Center - 2nd Floor,54,07/19/2023 06:57 PM,True
2023-07-19 19:26:26.071119-04:00,20,Functional Training Area,5,07/19/2023 07:03 PM,True
2023-07-19 19:26:26.071341-04:00,100,Marino Center - 3rd Floor Weight Room,68,07/19/2023 07:06 PM,True
2023-07-19 19:26:26.071651-04:00,81.111111111111,Marino Center - 3rd Floor Select & Cardio,73,07/19/2023 07:06 PM,True
2023-07-19 19:26:26.071866-04:00,100,SquashBusters - 4th Floor,70,07/19/2023 07:15 PM,True
2023-07-19 19:35:03.354923-04:00,52.380952380952,Marino Center - 2nd Floor,55,07/19/2023 07:28 PM,True
2023-07-19 19:35:03.355261-04:00,4,Functional Training Area,1,07/19/2023 07:28 PM,True
2023-07-19 19:35:03.355520-04:00,100,Marino Center - 3rd Floor Weight Room,74,07/19/2023 07:29 PM,True
2023-07-19 19:35:03.355775-04:00,78.888888888889,Marino Center - 3rd Floor Select & Cardio,71,07/19/2023 07:29 PM,True
2023-07-19 19:35:03.356019-04:00,100,SquashBusters - 4th Floor,70,07/19/2023 07:15 PM,True
2023-07-19 19:44:38.809881-04:00,52.380952380952,Marino Center - 2nd Floor,55,07/19/2023 07:28 PM,True
2023-07-19 19:44:38.810123-04:00,4,Functional Training Area,1,07/19/2023 07:28 PM,True
2023-07-19 19:44:38.810329-04:00,100,Marino Center - 3rd Floor Weight Room,74,07/19/2023 07:29 PM,True
2023-07-19 19:44:38.810502-04:00,78.888888888889,Marino Center - 3rd Floor Select & Cardio,71,07/19/2023 07:29 PM,True
2023-07-19 19:44:38.810711-04:00,100,SquashBusters - 4th Floor,70,07/19/2023 07:15 PM,True
2023-07-19 19:50:25.289908-04:00,52.380952380952,Marino Center - 2nd Floor,55,07/19/2023 07:28 PM,True
2023-07-19 19:50:25.290137-04:00,4,Functional Training Area,1,07/19/2023 07:28 PM,True
2023-07-19 19:50:25.290386-04:00,100,Marino Center - 3rd Floor Weight Room,74,07/19/2023 07:29 PM,True
2023-07-19 19:50:25.290573-04:00,78.888888888889,Marino Center - 3rd Floor Select & Cardio,71,07/19/2023 07:29 PM,True
2023-07-19 19:50:25.290750-04:00,100,SquashBusters - 4th Floor,66,07/19/2023 07:48 PM,True
2023-07-19 19:55:34.806354-04:00,52.380952380952,Marino Center - 2nd Floor,55,07/19/2023 07:28 PM,True
2023-07-19 19:55:34.806567-04:00,4,Functional Training Area,1,07/19/2023 07:28 PM,True
2023-07-19 19:55:34.806740-04:00,100,Marino Center - 3rd Floor Weight Room,74,07/19/2023 07:29 PM,True
2023-07-19 19:55:34.806931-04:00,78.888888888889,Marino Center - 3rd Floor Select & Cardio,71,07/19/2023 07:29 PM,True
2023-07-19 19:55:34.807100-04:00,100,SquashBusters - 4th Floor,66,07/19/2023 07:48 PM,True
2023-07-19 20:01:25.036071-04:00,56.190476190476,Marino Center - 2nd Floor,59,07/19/2023 07:57 PM,True
2023-07-19 20:01:25.036350-04:00,4,Functional Training Area,1,07/19/2023 07:28 PM,True
2023-07-19 20:01:25.036551-04:00,100,Marino Center - 3rd Floor Weight Room,74,07/19/2023 07:29 PM,True
2023-07-19 20:01:25.036751-04:00,78.888888888889,Marino Center - 3rd Floor Select & Cardio,71,07/19/2023 07:29 PM,True
2023-07-19 20:01:25.036945-04:00,100,SquashBusters - 4th Floor,66,07/19/2023 07:48 PM,True
2023-07-19 20:21:43.261835-04:00,56.190476190476,Marino Center - 2nd Floor,59,07/19/2023 07:57 PM,True
2023-07-19 20:21:43.262078-04:00,4,Functional Training Area,1,07/19/2023 07:28 PM,True
2023-07-19 20:21:43.262295-04:00,100,Marino Center - 3rd Floor Weight Room,65,07/19/2023 08:01 PM,True
2023-07-19 20:21:43.262492-04:00,76.666666666667,Marino Center - 3rd Floor Select & Cardio,69,07/19/2023 08:01 PM,True
2023-07-19 20:21:43.262704-04:00,100,SquashBusters - 4th Floor,66,07/19/2023 07:48 PM,True
2023-07-19 20:34:18.110537-04:00,51.428571428571,Marino Center - 2nd Floor,54,07/19/2023 08:28 PM,True
2023-07-19 20:34:18.110802-04:00,4,Functional Training Area,1,07/19/2023 07:28 PM,True
2023-07-19 20:34:18.111015-04:00,95.384615384615,Marino Center - 3rd Floor Weight Room,62,07/19/2023 08:30 PM,True
2023-07-19 20:34:18.111226-04:00,67.777777777778,Marino Center - 3rd Floor Select & Cardio,61,07/19/2023 08:30 PM,True
2023-07-19 20:34:18.111440-04:00,85,SquashBusters - 4th Floor,51,07/19/2023 08:30 PM,True
2023-07-19 21:52:34.542092-04:00,28.571428571429,Marino Center - 2nd Floor,30,07/19/2023 09:22 PM,True
2023-07-19 21:52:34.542323-04:00,4,Functional Training Area,1,07/19/2023 07:28 PM,True
2023-07-19 21:52:34.542508-04:00,49.230769230769,Marino Center - 3rd Floor Weight Room,32,07/19/2023 09:28 PM,True
2023-07-19 21:52:34.542694-04:00,50,Marino Center - 3rd Floor Select & Cardio,45,07/19/2023 09:28 PM,True
2023-07-19 21:52:34.542872-04:00,48.333333333333,SquashBusters - 4th Floor,29,07/19/2023 09:30 PM,True
2023-07-19 22:26:45.993409-04:00,30.47619047619,Marino Center - 2nd Floor,32,07/19/2023 10:24 PM,True
2023-07-19 22:26:45.993656-04:00,4,Functional Training Area,1,07/19/2023 07:28 PM,True
2023-07-19 22:26:45.993856-04:00,46.153846153846,Marino Center - 3rd Floor Weight Room,30,07/19/2023 09:58 PM,True
2023-07-19 22:26:45.994053-04:00,42.222222222222,Marino Center - 3rd Floor Select & Cardio,38,07/19/2023 09:58 PM,True
2023-07-19 22:26:45.994244-04:00,48.333333333333,SquashBusters - 4th Floor,29,07/19/2023 09:30 PM,True
2023-07-19 22:43:02.947958-04:00,20.952380952381,Marino Center - 2nd Floor,22,07/19/2023 10:33 PM,True
2023-07-19 22:43:02.948187-04:00,4,Functional Training Area,1,07/19/2023 07:28 PM,True
2023-07-19 22:43:02.948379-04:00,40,Marino Center - 3rd Floor Weight Room,26,07/19/2023 10:33 PM,True
2023-07-19 22:43:02.948636-04:00,36.666666666667,Marino Center - 3rd Floor Select & Cardio,33,07/19/2023 10:33 PM,True
2023-07-19 22:43:02.948819-04:00,48.333333333333,SquashBusters - 4th Floor,29,07/19/2023 09:30 PM,True
2023-07-19 22:48:56.297161-04:00,20.952380952381,Marino Center - 2nd Floor,22,07/19/2023 10:33 PM,True
2023-07-19 22:48:56.297378-04:00,4,Functional Training Area,1,07/19/2023 07:28 PM,True
2023-07-19 22:48:56.297553-04:00,40,Marino Center - 3rd Floor Weight Room,26,07/19/2023 10:33 PM,True
2023-07-19 22:48:56.297725-04:00,36.666666666667,Marino Center - 3rd Floor Select & Cardio,33,07/19/2023 10:33 PM,True
2023-07-19 22:48:56.297891-04:00,48.333333333333,SquashBusters - 4th Floor,29,07/19/2023 09:30 PM,True
2023-07-19 23:05:34.161024-04:00,19.047619047619,Marino Center - 2nd Floor,20,07/19/2023 11:00 PM,True
2023-07-19 23:05:34.161237-04:00,4,Functional Training Area,1,07/19/2023 07:28 PM,True
2023-07-19 23:05:34.161415-04:00,40,Marino Center - 3rd Floor Weight Room,26,07/19/2023 10:33 PM,True
2023-07-19 23:05:34.161589-04:00,36.666666666667,Marino Center - 3rd Floor Select & Cardio,33,07/19/2023 10:33 PM,True
2023-07-19 23:05:34.161758-04:00,48.333333333333,SquashBusters - 4th Floor,29,07/19/2023 09:30 PM,True
2023-07-19 23:21:47.226565-04:00,19.047619047619,Marino Center - 2nd Floor,20,07/19/2023 11:00 PM,True
2023-07-19 23:21:47.226774-04:00,4,Functional Training Area,1,07/19/2023 07:28 PM,True
2023-07-19 23:21:47.226950-04:00,40,Marino Center - 3rd Floor Weight Room,26,07/19/2023 10:33 PM,True
2023-07-19 23:21:47.227122-04:00,36.666666666667,Marino Center - 3rd Floor Select & Cardio,33,07/19/2023 10:33 PM,True
2023-07-19 23:21:47.227291-04:00,48.333333333333,SquashBusters - 4th Floor,29,07/19/2023 09:30 PM,True
2023-07-19 23:31:02.361465-04:00,19.047619047619,Marino Center - 2nd Floor,20,07/19/2023 11:00 PM,True
2023-07-19 23:31:02.361697-04:00,4,Functional Training Area,1,07/19/2023 07:28 PM,True
2023-07-19 23:31:02.361934-04:00,40,Marino Center - 3rd Floor Weight Room,26,07/19/2023 10:33 PM,True
2023-07-19 23:31:02.362158-04:00,36.666666666667,Marino Center - 3rd Floor Select & Cardio,33,07/19/2023 10:33 PM,True
2023-07-19 23:31:02.362341-04:00,48.333333333333,SquashBusters - 4th Floor,29,07/19/2023 09:30 PM,True
2023-07-19 23:46:02.829910-04:00,19.047619047619,Marino Center - 2nd Floor,20,07/19/2023 11:00 PM,True
2023-07-19 23:46:02.830178-04:00,4,Functional Training Area,1,07/19/2023 07:28 PM,True
2023-07-19 23:46:02.830398-04:00,40,Marino Center - 3rd Floor Weight Room,26,07/19/2023 10:33 PM,True
2023-07-19 23:46:02.830613-04:00,36.666666666667,Marino Center - 3rd Floor Select & Cardio,33,07/19/2023 10:33 PM,True
2023-07-19 23:46:02.830821-04:00,48.333333333333,SquashBusters - 4th Floor,29,07/19/2023 09:30 PM,True
2023-07-20 00:06:35.317706-04:00,19.047619047619,Marino Center - 2nd Floor,20,07/19/2023 11:00 PM,True
2023-07-20 00:06:35.317937-04:00,4,Functional Training Area,1,07/19/2023 07:28 PM,True
2023-07-20 00:06:35.318124-04:00,40,Marino Center - 3rd Floor Weight Room,26,07/19/2023 10:33 PM,True
2023-07-20 00:06:35.318309-04:00,36.666666666667,Marino Center - 3rd Floor Select & Cardio,33,07/19/2023 10:33 PM,True
2023-07-20 00:06:35.318488-04:00,48.333333333333,SquashBusters - 4th Floor,29,07/19/2023 09:30 PM,True
2023-07-20 00:25:14.811854-04:00,19.047619047619,Marino Center - 2nd Floor,20,07/19/2023 11:00 PM,True
2023-07-20 00:25:14.812076-04:00,4,Functional Training Area,1,07/19/2023 07:28 PM,True
2023-07-20 00:25:14.812261-04:00,40,Marino Center - 3rd Floor Weight Room,26,07/19/2023 10:33 PM,True
2023-07-20 00:25:14.812446-04:00,36.666666666667,Marino Center - 3rd Floor Select & Cardio,33,07/19/2023 10:33 PM,True
2023-07-20 00:25:14.812623-04:00,48.333333333333,SquashBusters - 4th Floor,29,07/19/2023 09:30 PM,True
2023-07-20 00:31:48.287974-04:00,19.047619047619,Marino Center - 2nd Floor,20,07/19/2023 11:00 PM,True
2023-07-20 00:31:48.288257-04:00,4,Functional Training Area,1,07/19/2023 07:28 PM,True
2023-07-20 00:31:48.288484-04:00,40,Marino Center - 3rd Floor Weight Room,26,07/19/2023 10:33 PM,True
2023-07-20 00:31:48.288840-04:00,36.666666666667,Marino Center - 3rd Floor Select & Cardio,33,07/19/2023 10:33 PM,True
2023-07-20 00:31:48.289168-04:00,48.333333333333,SquashBusters - 4th Floor,29,07/19/2023 09:30 PM,True
2023-07-20 00:46:05.404067-04:00,19.047619047619,Marino Center - 2nd Floor,20,07/19/2023 11:00 PM,True
2023-07-20 00:46:05.404292-04:00,4,Functional Training Area,1,07/19/2023 07:28 PM,True
2023-07-20 00:46:05.404490-04:00,40,Marino Center - 3rd Floor Weight Room,26,07/19/2023 10:33 PM,True
2023-07-20 00:46:05.404671-04:00,36.666666666667,Marino Center - 3rd Floor Select & Cardio,33,07/19/2023 10:33 PM,True
2023-07-20 00:46:05.404948-04:00,48.333333333333,SquashBusters - 4th Floor,29,07/19/2023 09:30 PM,True
2023-07-20 01:03:48.622235-04:00,19.047619047619,Marino Center - 2nd Floor,20,07/19/2023 11:00 PM,True
2023-07-20 01:03:48.622493-04:00,4,Functional Training Area,1,07/19/2023 07:28 PM,True
2023-07-20 01:03:48.622713-04:00,40,Marino Center - 3rd Floor Weight Room,26,07/19/2023 10:33 PM,True
2023-07-20 01:03:48.622930-04:00,36.666666666667,Marino Center - 3rd Floor Select & Cardio,33,07/19/2023 10:33 PM,True
2023-07-20 01:03:48.623138-04:00,48.333333333333,SquashBusters - 4th Floor,29,07/19/2023 09:30 PM,True
2023-07-20 01:24:03.136648-04:00,19.047619047619,Marino Center - 2nd Floor,20,07/19/2023 11:00 PM,True
2023-07-20 01:24:03.136872-04:00,4,Functional Training Area,1,07/19/2023 07:28 PM,True
2023-07-20 01:24:03.137059-04:00,40,Marino Center - 3rd Floor Weight Room,26,07/19/2023 10:33 PM,True
2023-07-20 01:24:03.137243-04:00,36.666666666667,Marino Center - 3rd Floor Select & Cardio,33,07/19/2023 10:33 PM,True
2023-07-20 01:24:03.137420-04:00,48.333333333333,SquashBusters - 4th Floor,29,07/19/2023 09:30 PM,True
2023-07-20 01:31:13.101009-04:00,19.047619047619,Marino Center - 2nd Floor,20,07/19/2023 11:00 PM,True
2023-07-20 01:31:13.101259-04:00,4,Functional Training Area,1,07/19/2023 07:28 PM,True
2023-07-20 01:31:13.101456-04:00,40,Marino Center - 3rd Floor Weight Room,26,07/19/2023 10:33 PM,True
2023-07-20 01:31:13.101651-04:00,36.666666666667,Marino Center - 3rd Floor Select & Cardio,33,07/19/2023 10:33 PM,True
2023-07-20 01:31:13.101842-04:00,48.333333333333,SquashBusters - 4th Floor,29,07/19/2023 09:30 PM,True
2023-07-20 01:46:09.890553-04:00,19.047619047619,Marino Center - 2nd Floor,20,07/19/2023 11:00 PM,True
2023-07-20 01:46:09.890766-04:00,4,Functional Training Area,1,07/19/2023 07:28 PM,True
2023-07-20 01:46:09.890942-04:00,40,Marino Center - 3rd Floor Weight Room,26,07/19/2023 10:33 PM,True
2023-07-20 01:46:09.891117-04:00,36.666666666667,Marino Center - 3rd Floor Select & Cardio,33,07/19/2023 10:33 PM,True
2023-07-20 01:46:09.891286-04:00,48.333333333333,SquashBusters - 4th Floor,29,07/19/2023 09:30 PM,True
2023-07-20 02:07:27.057511-04:00,19.047619047619,Marino Center - 2nd Floor,20,07/19/2023 11:00 PM,True
2023-07-20 02:07:27.057735-04:00,4,Functional Training Area,1,07/19/2023 07:28 PM,True
2023-07-20 02:07:27.057908-04:00,40,Marino Center - 3rd Floor Weight Room,26,07/19/2023 10:33 PM,True
2023-07-20 02:07:27.058082-04:00,36.666666666667,Marino Center - 3rd Floor Select & Cardio,33,07/19/2023 10:33 PM,True
2023-07-20 02:07:27.058247-04:00,48.333333333333,SquashBusters - 4th Floor,29,07/19/2023 09:30 PM,True
2023-07-20 02:26:48.925659-04:00,19.047619047619,Marino Center - 2nd Floor,20,07/19/2023 11:00 PM,True
2023-07-20 02:26:48.925882-04:00,4,Functional Training Area,1,07/19/2023 07:28 PM,True
2023-07-20 02:26:48.926069-04:00,40,Marino Center - 3rd Floor Weight Room,26,07/19/2023 10:33 PM,True
2023-07-20 02:26:48.926253-04:00,36.666666666667,Marino Center - 3rd Floor Select & Cardio,33,07/19/2023 10:33 PM,True
2023-07-20 02:26:48.926432-04:00,48.333333333333,SquashBusters - 4th Floor,29,07/19/2023 09:30 PM,True
2023-07-20 02:34:38.384494-04:00,19.047619047619,Marino Center - 2nd Floor,20,07/19/2023 11:00 PM,True
2023-07-20 02:34:38.384774-04:00,4,Functional Training Area,1,07/19/2023 07:28 PM,True
2023-07-20 02:34:38.384995-04:00,40,Marino Center - 3rd Floor Weight Room,26,07/19/2023 10:33 PM,True
2023-07-20 02:34:38.385233-04:00,36.666666666667,Marino Center - 3rd Floor Select & Cardio,33,07/19/2023 10:33 PM,True
2023-07-20 02:34:38.385451-04:00,48.333333333333,SquashBusters - 4th Floor,29,07/19/2023 09:30 PM,True
2023-07-20 02:45:56.281898-04:00,19.047619047619,Marino Center - 2nd Floor,20,07/19/2023 11:00 PM,True
2023-07-20 02:45:56.282125-04:00,4,Functional Training Area,1,07/19/2023 07:28 PM,True
2023-07-20 02:45:56.282309-04:00,40,Marino Center - 3rd Floor Weight Room,26,07/19/2023 10:33 PM,True
2023-07-20 02:45:56.282495-04:00,36.666666666667,Marino Center - 3rd Floor Select & Cardio,33,07/19/2023 10:33 PM,True
2023-07-20 02:45:56.282674-04:00,48.333333333333,SquashBusters - 4th Floor,29,07/19/2023 09:30 PM,True
2023-07-20 03:02:59.537760-04:00,19.047619047619,Marino Center - 2nd Floor,20,07/19/2023 11:00 PM,True
2023-07-20 03:02:59.537983-04:00,4,Functional Training Area,1,07/19/2023 07:28 PM,True
2023-07-20 03:02:59.538159-04:00,40,Marino Center - 3rd Floor Weight Room,26,07/19/2023 10:33 PM,True
2023-07-20 03:02:59.538332-04:00,36.666666666667,Marino Center - 3rd Floor Select & Cardio,33,07/19/2023 10:33 PM,True
2023-07-20 03:02:59.538500-04:00,48.333333333333,SquashBusters - 4th Floor,29,07/19/2023 09:30 PM,True
2023-07-20 03:19:19.788006-04:00,19.047619047619,Marino Center - 2nd Floor,20,07/19/2023 11:00 PM,True
2023-07-20 03:19:19.788304-04:00,4,Functional Training Area,1,07/19/2023 07:28 PM,True
2023-07-20 03:19:19.788554-04:00,40,Marino Center - 3rd Floor Weight Room,26,07/19/2023 10:33 PM,True
2023-07-20 03:19:19.788814-04:00,36.666666666667,Marino Center - 3rd Floor Select & Cardio,33,07/19/2023 10:33 PM,True
2023-07-20 03:19:19.789050-04:00,48.333333333333,SquashBusters - 4th Floor,29,07/19/2023 09:30 PM,True
2023-07-20 03:33:27.652246-04:00,19.047619047619,Marino Center - 2nd Floor,20,07/19/2023 11:00 PM,True
2023-07-20 03:33:27.652466-04:00,4,Functional Training Area,1,07/19/2023 07:28 PM,True
2023-07-20 03:33:27.652640-04:00,40,Marino Center - 3rd Floor Weight Room,26,07/19/2023 10:33 PM,True
2023-07-20 03:33:27.652810-04:00,36.666666666667,Marino Center - 3rd Floor Select & Cardio,33,07/19/2023 10:33 PM,True
2023-07-20 03:33:27.652977-04:00,48.333333333333,SquashBusters - 4th Floor,29,07/19/2023 09:30 PM,True
2023-07-20 03:45:58.080428-04:00,19.047619047619,Marino Center - 2nd Floor,20,07/19/2023 11:00 PM,True
2023-07-20 03:45:58.080659-04:00,4,Functional Training Area,1,07/19/2023 07:28 PM,True
2023-07-20 03:45:58.080846-04:00,40,Marino Center - 3rd Floor Weight Room,26,07/19/2023 10:33 PM,True
2023-07-20 03:45:58.081030-04:00,36.666666666667,Marino Center - 3rd Floor Select & Cardio,33,07/19/2023 10:33 PM,True
2023-07-20 03:45:58.081207-04:00,48.333333333333,SquashBusters - 4th Floor,29,07/19/2023 09:30 PM,True
2023-07-20 04:07:29.302774-04:00,19.047619047619,Marino Center - 2nd Floor,20,07/19/2023 11:00 PM,True
2023-07-20 04:07:29.303007-04:00,4,Functional Training Area,1,07/19/2023 07:28 PM,True
2023-07-20 04:07:29.303194-04:00,40,Marino Center - 3rd Floor Weight Room,26,07/19/2023 10:33 PM,True
2023-07-20 04:07:29.303379-04:00,36.666666666667,Marino Center - 3rd Floor Select & Cardio,33,07/19/2023 10:33 PM,True
2023-07-20 04:07:29.303558-04:00,48.333333333333,SquashBusters - 4th Floor,29,07/19/2023 09:30 PM,True
2023-07-20 04:25:55.879549-04:00,19.047619047619,Marino Center - 2nd Floor,20,07/19/2023 11:00 PM,True
2023-07-20 04:25:55.879979-04:00,4,Functional Training Area,1,07/19/2023 07:28 PM,True
2023-07-20 04:25:55.880231-04:00,40,Marino Center - 3rd Floor Weight Room,26,07/19/2023 10:33 PM,True
2023-07-20 04:25:55.880454-04:00,36.666666666667,Marino Center - 3rd Floor Select & Cardio,33,07/19/2023 10:33 PM,True
2023-07-20 04:25:55.880661-04:00,48.333333333333,SquashBusters - 4th Floor,29,07/19/2023 09:30 PM,True
2023-07-20 04:32:40.293469-04:00,19.047619047619,Marino Center - 2nd Floor,20,07/19/2023 11:00 PM,True
2023-07-20 04:32:40.293702-04:00,4,Functional Training Area,1,07/19/2023 07:28 PM,True
2023-07-20 04:32:40.293890-04:00,40,Marino Center - 3rd Floor Weight Room,26,07/19/2023 10:33 PM,True
2023-07-20 04:32:40.294075-04:00,36.666666666667,Marino Center - 3rd Floor Select & Cardio,33,07/19/2023 10:33 PM,True
2023-07-20 04:32:40.294252-04:00,48.333333333333,SquashBusters - 4th Floor,29,07/19/2023 09:30 PM,True
2023-07-20 04:46:10.096803-04:00,19.047619047619,Marino Center - 2nd Floor,20,07/19/2023 11:00 PM,True
2023-07-20 04:46:10.097088-04:00,4,Functional Training Area,1,07/19/2023 07:28 PM,True
2023-07-20 04:46:10.097317-04:00,40,Marino Center - 3rd Floor Weight Room,26,07/19/2023 10:33 PM,True
2023-07-20 04:46:10.097486-04:00,36.666666666667,Marino Center - 3rd Floor Select & Cardio,33,07/19/2023 10:33 PM,True
2023-07-20 04:46:10.097649-04:00,48.333333333333,SquashBusters - 4th Floor,29,07/19/2023 09:30 PM,True
2023-07-20 05:04:07.508717-04:00,19.047619047619,Marino Center - 2nd Floor,20,07/19/2023 11:00 PM,True
2023-07-20 05:04:07.508988-04:00,4,Functional Training Area,1,07/19/2023 07:28 PM,True
2023-07-20 05:04:07.509206-04:00,40,Marino Center - 3rd Floor Weight Room,26,07/19/2023 10:33 PM,True
2023-07-20 05:04:07.509421-04:00,36.666666666667,Marino Center - 3rd Floor Select & Cardio,33,07/19/2023 10:33 PM,True
2023-07-20 05:04:07.509630-04:00,48.333333333333,SquashBusters - 4th Floor,29,07/19/2023 09:30 PM,True
2023-07-20 05:20:52.926954-04:00,19.047619047619,Marino Center - 2nd Floor,20,07/19/2023 11:00 PM,True
2023-07-20 05:20:52.927187-04:00,4,Functional Training Area,1,07/19/2023 07:28 PM,True
2023-07-20 05:20:52.927380-04:00,40,Marino Center - 3rd Floor Weight Room,26,07/19/2023 10:33 PM,True
2023-07-20 05:20:52.927569-04:00,36.666666666667,Marino Center - 3rd Floor Select & Cardio,33,07/19/2023 10:33 PM,True
2023-07-20 05:20:52.927749-04:00,48.333333333333,SquashBusters - 4th Floor,29,07/19/2023 09:30 PM,True
2023-07-20 05:31:15.511795-04:00,19.047619047619,Marino Center - 2nd Floor,20,07/19/2023 11:00 PM,True
2023-07-20 05:31:15.512019-04:00,4,Functional Training Area,1,07/19/2023 07:28 PM,True
2023-07-20 05:31:15.512205-04:00,40,Marino Center - 3rd Floor Weight Room,26,07/19/2023 10:33 PM,True
2023-07-20 05:31:15.512387-04:00,36.666666666667,Marino Center - 3rd Floor Select & Cardio,33,07/19/2023 10:33 PM,True
2023-07-20 05:31:15.512564-04:00,48.333333333333,SquashBusters - 4th Floor,29,07/19/2023 09:30 PM,True
2023-07-20 05:45:57.813079-04:00,19.047619047619,Marino Center - 2nd Floor,20,07/19/2023 11:00 PM,True
2023-07-20 05:45:57.813305-04:00,4,Functional Training Area,1,07/19/2023 07:28 PM,True
2023-07-20 05:45:57.813492-04:00,40,Marino Center - 3rd Floor Weight Room,26,07/19/2023 10:33 PM,True
2023-07-20 05:45:57.813675-04:00,36.666666666667,Marino Center - 3rd Floor Select & Cardio,33,07/19/2023 10:33 PM,True
2023-07-20 05:45:57.813851-04:00,18.333333333333,SquashBusters - 4th Floor,11,07/20/2023 05:45 AM,True
2023-07-20 06:04:19.065218-04:00,19.047619047619,Marino Center - 2nd Floor,20,07/19/2023 11:00 PM,True
2023-07-20 06:04:19.065479-04:00,4,Functional Training Area,1,07/19/2023 07:28 PM,True
2023-07-20 06:04:19.065696-04:00,40,Marino Center - 3rd Floor Weight Room,26,07/19/2023 10:33 PM,True
2023-07-20 06:04:19.065909-04:00,36.666666666667,Marino Center - 3rd Floor Select & Cardio,33,07/19/2023 10:33 PM,True
2023-07-20 06:04:19.066114-04:00,23.333333333333,SquashBusters - 4th Floor,14,07/20/2023 06:00 AM,True
2023-07-20 06:26:37.278542-04:00,19.047619047619,Marino Center - 2nd Floor,20,07/19/2023 11:00 PM,True
2023-07-20 06:26:37.278807-04:00,4,Functional Training Area,1,07/19/2023 07:28 PM,True
2023-07-20 06:26:37.279031-04:00,40,Marino Center - 3rd Floor Weight Room,26,07/19/2023 10:33 PM,True
2023-07-20 06:26:37.279505-04:00,36.666666666667,Marino Center - 3rd Floor Select & Cardio,33,07/19/2023 10:33 PM,True
2023-07-20 06:26:37.279721-04:00,23.333333333333,SquashBusters - 4th Floor,14,07/20/2023 06:00 AM,True
2023-07-20 06:33:53.498467-04:00,19.047619047619,Marino Center - 2nd Floor,20,07/19/2023 11:00 PM,True
2023-07-20 06:33:53.498696-04:00,4,Functional Training Area,1,07/19/2023 07:28 PM,True
2023-07-20 06:33:53.498880-04:00,40,Marino Center - 3rd Floor Weight Room,26,07/19/2023 10:33 PM,True
2023-07-20 06:33:53.499064-04:00,36.666666666667,Marino Center - 3rd Floor Select & Cardio,33,07/19/2023 10:33 PM,True
2023-07-20 06:33:53.499241-04:00,38.333333333333,SquashBusters - 4th Floor,23,07/20/2023 06:31 AM,True
2023-07-20 06:46:11.855888-04:00,19.047619047619,Marino Center - 2nd Floor,20,07/19/2023 11:00 PM,True
2023-07-20 06:46:11.856162-04:00,4,Functional Training Area,1,07/19/2023 07:28 PM,True
2023-07-20 06:46:11.856380-04:00,40,Marino Center - 3rd Floor Weight Room,26,07/19/2023 10:33 PM,True
2023-07-20 06:46:11.856593-04:00,36.666666666667,Marino Center - 3rd Floor Select & Cardio,33,07/19/2023 10:33 PM,True
2023-07-20 06:46:11.856800-04:00,38.333333333333,SquashBusters - 4th Floor,23,07/20/2023 06:31 AM,True
2023-07-20 07:02:39.244070-04:00,19.047619047619,Marino Center - 2nd Floor,20,07/19/2023 11:00 PM,True
2023-07-20 07:02:39.244305-04:00,4,Functional Training Area,1,07/19/2023 07:28 PM,True
2023-07-20 07:02:39.244492-04:00,40,Marino Center - 3rd Floor Weight Room,26,07/19/2023 10:33 PM,True
2023-07-20 07:02:39.244681-04:00,36.666666666667,Marino Center - 3rd Floor Select & Cardio,33,07/19/2023 10:33 PM,True
2023-07-20 07:02:39.244861-04:00,38.333333333333,SquashBusters - 4th Floor,23,07/20/2023 06:31 AM,True
2023-07-20 07:18:09.565262-04:00,19.047619047619,Marino Center - 2nd Floor,20,07/19/2023 11:00 PM,True
2023-07-20 07:18:09.565535-04:00,4,Functional Training Area,1,07/19/2023 07:28 PM,True
2023-07-20 07:18:09.565756-04:00,40,Marino Center - 3rd Floor Weight Room,26,07/19/2023 10:33 PM,True
2023-07-20 07:18:09.565970-04:00,36.666666666667,Marino Center - 3rd Floor Select & Cardio,33,07/19/2023 10:33 PM,True
2023-07-20 07:18:09.566178-04:00,66.666666666667,SquashBusters - 4th Floor,40,07/20/2023 07:14 AM,True
2023-07-20 07:31:08.723316-04:00,19.047619047619,Marino Center - 2nd Floor,20,07/19/2023 11:00 PM,True
2023-07-20 07:31:08.723581-04:00,4,Functional Training Area,1,07/19/2023 07:28 PM,True
2023-07-20 07:31:08.723807-04:00,40,Marino Center - 3rd Floor Weight Room,26,07/19/2023 10:33 PM,True
2023-07-20 07:31:08.724027-04:00,36.666666666667,Marino Center - 3rd Floor Select & Cardio,33,07/19/2023 10:33 PM,True
2023-07-20 07:31:08.724220-04:00,66.666666666667,SquashBusters - 4th Floor,40,07/20/2023 07:14 AM,True
2023-07-20 07:46:18.721024-04:00,19.047619047619,Marino Center - 2nd Floor,20,07/19/2023 11:00 PM,True
2023-07-20 07:46:18.721369-04:00,4,Functional Training Area,1,07/19/2023 07:28 PM,True
2023-07-20 07:46:18.721602-04:00,40,Marino Center - 3rd Floor Weight Room,26,07/19/2023 10:33 PM,True
2023-07-20 07:46:18.721820-04:00,36.666666666667,Marino Center - 3rd Floor Select & Cardio,33,07/19/2023 10:33 PM,True
2023-07-20 07:46:18.722029-04:00,66.666666666667,SquashBusters - 4th Floor,40,07/20/2023 07:14 AM,True
2023-07-20 08:10:29.296584-04:00,19.047619047619,Marino Center - 2nd Floor,20,07/19/2023 11:00 PM,True
2023-07-20 08:10:29.296805-04:00,4,Functional Training Area,1,07/19/2023 07:28 PM,True
2023-07-20 08:10:29.296979-04:00,40,Marino Center - 3rd Floor Weight Room,26,07/19/2023 10:33 PM,True
2023-07-20 08:10:29.297156-04:00,36.666666666667,Marino Center - 3rd Floor Select & Cardio,33,07/19/2023 10:33 PM,True
2023-07-20 08:10:29.297323-04:00,71.666666666667,SquashBusters - 4th Floor,43,07/20/2023 07:49 AM,True
2023-07-20 08:42:29.473252-04:00,19.047619047619,Marino Center - 2nd Floor,20,07/19/2023 11:00 PM,True
2023-07-20 08:42:29.473465-04:00,4,Functional Training Area,1,07/19/2023 07:28 PM,True
2023-07-20 08:42:29.473639-04:00,40,Marino Center - 3rd Floor Weight Room,26,07/19/2023 10:33 PM,True
2023-07-20 08:42:29.473811-04:00,36.666666666667,Marino Center - 3rd Floor Select & Cardio,33,07/19/2023 10:33 PM,True
2023-07-20 08:42:29.473977-04:00,45,SquashBusters - 4th Floor,27,07/20/2023 08:15 AM,True
2023-07-20 08:59:32.637792-04:00,19.047619047619,Marino Center - 2nd Floor,20,07/19/2023 11:00 PM,True
2023-07-20 08:59:32.638006-04:00,4,Functional Training Area,1,07/19/2023 07:28 PM,True
2023-07-20 08:59:32.638181-04:00,40,Marino Center - 3rd Floor Weight Room,26,07/19/2023 10:33 PM,True
2023-07-20 08:59:32.638355-04:00,36.666666666667,Marino Center - 3rd Floor Select & Cardio,33,07/19/2023 10:33 PM,True
2023-07-20 08:59:32.638520-04:00,46.666666666667,SquashBusters - 4th Floor,28,07/20/2023 08:48 AM,True
2023-07-20 09:17:04.012580-04:00,19.047619047619,Marino Center - 2nd Floor,20,07/19/2023 11:00 PM,True
2023-07-20 09:17:04.012816-04:00,4,Functional Training Area,1,07/19/2023 07:28 PM,True
2023-07-20 09:17:04.013003-04:00,40,Marino Center - 3rd Floor Weight Room,26,07/19/2023 10:33 PM,True
2023-07-20 09:17:04.013186-04:00,36.666666666667,Marino Center - 3rd Floor Select & Cardio,33,07/19/2023 10:33 PM,True
2023-07-20 09:17:04.013363-04:00,46.666666666667,SquashBusters - 4th Floor,28,07/20/2023 08:48 AM,True
2023-07-20 09:35:28.565334-04:00,19.047619047619,Marino Center - 2nd Floor,20,07/19/2023 11:00 PM,True
2023-07-20 09:35:28.565559-04:00,4,Functional Training Area,1,07/19/2023 07:28 PM,True
2023-07-20 09:35:28.565742-04:00,40,Marino Center - 3rd Floor Weight Room,26,07/19/2023 10:33 PM,True
2023-07-20 09:35:28.565923-04:00,36.666666666667,Marino Center - 3rd Floor Select & Cardio,33,07/19/2023 10:33 PM,True
2023-07-20 09:35:28.566098-04:00,55,SquashBusters - 4th Floor,33,07/20/2023 09:16 AM,True
2023-07-20 09:45:59.014250-04:00,19.047619047619,Marino Center - 2nd Floor,20,07/19/2023 11:00 PM,True
2023-07-20 09:45:59.014480-04:00,4,Functional Training Area,1,07/19/2023 07:28 PM,True
2023-07-20 09:45:59.014673-04:00,40,Marino Center - 3rd Floor Weight Room,26,07/19/2023 10:33 PM,True
2023-07-20 09:45:59.014860-04:00,36.666666666667,Marino Center - 3rd Floor Select & Cardio,33,07/19/2023 10:33 PM,True
2023-07-20 09:45:59.015040-04:00,55,SquashBusters - 4th Floor,33,07/20/2023 09:16 AM,True
2023-07-20 10:03:26.925478-04:00,19.047619047619,Marino Center - 2nd Floor,20,07/19/2023 11:00 PM,True
2023-07-20 10:03:26.925694-04:00,4,Functional Training Area,1,07/19/2023 07:28 PM,True
2023-07-20 10:03:26.925868-04:00,40,Marino Center - 3rd Floor Weight Room,26,07/19/2023 10:33 PM,True
2023-07-20 10:03:26.926044-04:00,36.666666666667,Marino Center - 3rd Floor Select & Cardio,33,07/19/2023 10:33 PM,True
2023-07-20 10:03:26.926210-04:00,50,SquashBusters - 4th Floor,30,07/20/2023 09:47 AM,True
2023-07-20 10:24:10.632614-04:00,19.047619047619,Marino Center - 2nd Floor,20,07/19/2023 11:00 PM,True
2023-07-20 10:24:10.632853-04:00,4,Functional Training Area,1,07/19/2023 07:28 PM,True
2023-07-20 10:24:10.633045-04:00,40,Marino Center - 3rd Floor Weight Room,26,07/19/2023 10:33 PM,True
2023-07-20 10:24:10.633231-04:00,36.666666666667,Marino Center - 3rd Floor Select & Cardio,33,07/19/2023 10:33 PM,True
2023-07-20 10:24:10.633408-04:00,46.666666666667,SquashBusters - 4th Floor,28,07/20/2023 10:13 AM,True
2023-07-20 10:31:14.561250-04:00,19.047619047619,Marino Center - 2nd Floor,20,07/19/2023 11:00 PM,True
2023-07-20 10:31:14.561475-04:00,4,Functional Training Area,1,07/19/2023 07:28 PM,True
2023-07-20 10:31:14.561664-04:00,40,Marino Center - 3rd Floor Weight Room,26,07/19/2023 10:33 PM,True
2023-07-20 10:31:14.561850-04:00,36.666666666667,Marino Center - 3rd Floor Select & Cardio,33,07/19/2023 10:33 PM,True
2023-07-20 10:31:14.562031-04:00,46.666666666667,SquashBusters - 4th Floor,28,07/20/2023 10:13 AM,True
2023-07-20 10:46:06.568991-04:00,19.047619047619,Marino Center - 2nd Floor,20,07/19/2023 11:00 PM,True
2023-07-20 10:46:06.569211-04:00,4,Functional Training Area,1,07/20/2023 10:34 AM,True
2023-07-20 10:46:06.569387-04:00,40,Marino Center - 3rd Floor Weight Room,26,07/19/2023 10:33 PM,True
2023-07-20 10:46:06.569559-04:00,36.666666666667,Marino Center - 3rd Floor Select & Cardio,33,07/19/2023 10:33 PM,True
2023-07-20 10:46:06.569728-04:00,41.666666666667,SquashBusters - 4th Floor,25,07/20/2023 10:41 AM,True
2023-07-20 11:04:17.078640-04:00,19.047619047619,Marino Center - 2nd Floor,20,07/19/2023 11:00 PM,True
2023-07-20 11:04:17.078866-04:00,4,Functional Training Area,1,07/20/2023 10:34 AM,True
2023-07-20 11:04:17.079052-04:00,40,Marino Center - 3rd Floor Weight Room,26,07/19/2023 10:33 PM,True
2023-07-20 11:04:17.079236-04:00,36.666666666667,Marino Center - 3rd Floor Select & Cardio,33,07/19/2023 10:33 PM,True
2023-07-20 11:04:17.079413-04:00,41.666666666667,SquashBusters - 4th Floor,25,07/20/2023 10:41 AM,True
2023-07-20 11:22:25.364192-04:00,19.047619047619,Marino Center - 2nd Floor,20,07/19/2023 11:00 PM,True
2023-07-20 11:22:25.364451-04:00,4,Functional Training Area,1,07/20/2023 10:34 AM,True
2023-07-20 11:22:25.364710-04:00,40,Marino Center - 3rd Floor Weight Room,26,07/19/2023 10:33 PM,True
2023-07-20 11:22:25.364905-04:00,36.666666666667,Marino Center - 3rd Floor Select & Cardio,33,07/19/2023 10:33 PM,True
2023-07-20 11:22:25.365087-04:00,41.666666666667,SquashBusters - 4th Floor,25,07/20/2023 10:41 AM,True
2023-07-20 11:31:17.658801-04:00,19.047619047619,Marino Center - 2nd Floor,20,07/19/2023 11:00 PM,True
2023-07-20 11:31:17.659011-04:00,4,Functional Training Area,1,07/20/2023 10:34 AM,True
2023-07-20 11:31:17.659186-04:00,40,Marino Center - 3rd Floor Weight Room,26,07/19/2023 10:33 PM,True
2023-07-20 11:31:17.659358-04:00,36.666666666667,Marino Center - 3rd Floor Select & Cardio,33,07/19/2023 10:33 PM,True
2023-07-20 11:31:17.659525-04:00,40,SquashBusters - 4th Floor,24,07/20/2023 11:28 AM,True
2023-07-20 11:45:59.390635-04:00,19.047619047619,Marino Center - 2nd Floor,20,07/19/2023 11:00 PM,True
2023-07-20 11:45:59.390863-04:00,12,Functional Training Area,3,07/20/2023 11:37 AM,True
2023-07-20 11:45:59.391048-04:00,40,Marino Center - 3rd Floor Weight Room,26,07/19/2023 10:33 PM,True
2023-07-20 11:45:59.391260-04:00,36.666666666667,Marino Center - 3rd Floor Select & Cardio,33,07/19/2023 10:33 PM,True
2023-07-20 11:45:59.391443-04:00,40,SquashBusters - 4th Floor,24,07/20/2023 11:28 AM,True
2023-07-20 12:06:46.042204-04:00,19.047619047619,Marino Center - 2nd Floor,20,07/19/2023 11:00 PM,True
2023-07-20 12:06:46.042435-04:00,12,Functional Training Area,3,07/20/2023 11:37 AM,True
2023-07-20 12:06:46.042620-04:00,40,Marino Center - 3rd Floor Weight Room,26,07/19/2023 10:33 PM,True
2023-07-20 12:06:46.042804-04:00,36.666666666667,Marino Center - 3rd Floor Select & Cardio,33,07/19/2023 10:33 PM,True
2023-07-20 12:06:46.042982-04:00,45,SquashBusters - 4th Floor,27,07/20/2023 11:57 AM,True
2023-07-20 12:28:21.511766-04:00,19.047619047619,Marino Center - 2nd Floor,20,07/19/2023 11:00 PM,True
2023-07-20 12:28:21.511983-04:00,20,Functional Training Area,5,07/20/2023 12:18 PM,True
2023-07-20 12:28:21.512159-04:00,40,Marino Center - 3rd Floor Weight Room,26,07/19/2023 10:33 PM,True
2023-07-20 12:28:21.512331-04:00,36.666666666667,Marino Center - 3rd Floor Select & Cardio,33,07/19/2023 10:33 PM,True
2023-07-20 12:28:21.512503-04:00,75,SquashBusters - 4th Floor,45,07/20/2023 12:24 PM,True
2023-07-20 12:36:57.631636-04:00,19.047619047619,Marino Center - 2nd Floor,20,07/19/2023 11:00 PM,True
2023-07-20 12:36:57.631897-04:00,20,Functional Training Area,5,07/20/2023 12:18 PM,True
2023-07-20 12:36:57.632097-04:00,40,Marino Center - 3rd Floor Weight Room,26,07/19/2023 10:33 PM,True
2023-07-20 12:36:57.632320-04:00,36.666666666667,Marino Center - 3rd Floor Select & Cardio,33,07/19/2023 10:33 PM,True
2023-07-20 12:36:57.632546-04:00,75,SquashBusters - 4th Floor,45,07/20/2023 12:24 PM,True
2023-07-20 12:45:59.028893-04:00,19.047619047619,Marino Center - 2nd Floor,20,07/19/2023 11:00 PM,True
2023-07-20 12:45:59.029120-04:00,12,Functional Training Area,3,07/20/2023 12:44 PM,True
2023-07-20 12:45:59.029308-04:00,40,Marino Center - 3rd Floor Weight Room,26,07/19/2023 10:33 PM,True
2023-07-20 12:45:59.029494-04:00,36.666666666667,Marino Center - 3rd Floor Select & Cardio,33,07/19/2023 10:33 PM,True
2023-07-20 12:45:59.029674-04:00,75,SquashBusters - 4th Floor,45,07/20/2023 12:24 PM,True
2023-07-20 13:02:41.337257-04:00,19.047619047619,Marino Center - 2nd Floor,20,07/19/2023 11:00 PM,True
2023-07-20 13:02:41.337481-04:00,20,Functional Training Area,5,07/20/2023 12:53 PM,True
2023-07-20 13:02:41.337658-04:00,40,Marino Center - 3rd Floor Weight Room,26,07/19/2023 10:33 PM,True
2023-07-20 13:02:41.337830-04:00,36.666666666667,Marino Center - 3rd Floor Select & Cardio,33,07/19/2023 10:33 PM,True
2023-07-20 13:02:41.337994-04:00,75,SquashBusters - 4th Floor,45,07/20/2023 12:24 PM,True
2023-07-20 13:22:36.477908-04:00,19.047619047619,Marino Center - 2nd Floor,20,07/19/2023 11:00 PM,True
2023-07-20 13:22:36.478146-04:00,8,Functional Training Area,2,07/20/2023 01:17 PM,True
2023-07-20 13:22:36.478340-04:00,40,Marino Center - 3rd Floor Weight Room,26,07/19/2023 10:33 PM,True
2023-07-20 13:22:36.478586-04:00,36.666666666667,Marino Center - 3rd Floor Select & Cardio,33,07/19/2023 10:33 PM,True
2023-07-20 13:22:36.478832-04:00,75,SquashBusters - 4th Floor,45,07/20/2023 12:24 PM,True
2023-07-20 13:31:05.515779-04:00,19.047619047619,Marino Center - 2nd Floor,20,07/19/2023 11:00 PM,True
2023-07-20 13:31:05.516008-04:00,8,Functional Training Area,2,07/20/2023 01:17 PM,True
2023-07-20 13:31:05.516193-04:00,40,Marino Center - 3rd Floor Weight Room,26,07/19/2023 10:33 PM,True
2023-07-20 13:31:05.516377-04:00,36.666666666667,Marino Center - 3rd Floor Select & Cardio,33,07/19/2023 10:33 PM,True
2023-07-20 13:31:05.516554-04:00,75,SquashBusters - 4th Floor,45,07/20/2023 12:24 PM,True
2023-07-20 13:46:14.824495-04:00,19.047619047619,Marino Center - 2nd Floor,20,07/19/2023 11:00 PM,True
2023-07-20 13:46:14.824823-04:00,4,Functional Training Area,1,07/20/2023 01:42 PM,True
2023-07-20 13:46:14.825030-04:00,40,Marino Center - 3rd Floor Weight Room,26,07/19/2023 10:33 PM,True
2023-07-20 13:46:14.825252-04:00,36.666666666667,Marino Center - 3rd Floor Select & Cardio,33,07/19/2023 10:33 PM,True
2023-07-20 13:46:14.825447-04:00,75,SquashBusters - 4th Floor,45,07/20/2023 12:24 PM,True
2023-07-20 14:06:44.828066-04:00,19.047619047619,Marino Center - 2nd Floor,20,07/19/2023 11:00 PM,True
2023-07-20 14:06:44.828301-04:00,4,Functional Training Area,1,07/20/2023 01:42 PM,True
2023-07-20 14:06:44.828490-04:00,40,Marino Center - 3rd Floor Weight Room,26,07/19/2023 10:33 PM,True
2023-07-20 14:06:44.828674-04:00,36.666666666667,Marino Center - 3rd Floor Select & Cardio,33,07/19/2023 10:33 PM,True
2023-07-20 14:06:44.828853-04:00,41.666666666667,SquashBusters - 4th Floor,25,07/20/2023 01:55 PM,True
2023-07-20 14:26:42.456673-04:00,19.047619047619,Marino Center - 2nd Floor,20,07/19/2023 11:00 PM,True
2023-07-20 14:26:42.456904-04:00,0,Functional Training Area,0,07/20/2023 02:14 PM,True
2023-07-20 14:26:42.457090-04:00,40,Marino Center - 3rd Floor Weight Room,26,07/19/2023 10:33 PM,True
2023-07-20 14:26:42.457272-04:00,36.666666666667,Marino Center - 3rd Floor Select & Cardio,33,07/19/2023 10:33 PM,True
2023-07-20 14:26:42.457450-04:00,41.666666666667,SquashBusters - 4th Floor,25,07/20/2023 01:55 PM,True
2023-07-20 14:33:52.581480-04:00,19.047619047619,Marino Center - 2nd Floor,20,07/19/2023 11:00 PM,True
2023-07-20 14:33:52.581709-04:00,0,Functional Training Area,0,07/20/2023 02:14 PM,True
2023-07-20 14:33:52.581895-04:00,40,Marino Center - 3rd Floor Weight Room,26,07/19/2023 10:33 PM,True
2023-07-20 14:33:52.582082-04:00,36.666666666667,Marino Center - 3rd Floor Select & Cardio,33,07/19/2023 10:33 PM,True
2023-07-20 14:33:52.582260-04:00,73.333333333333,SquashBusters - 4th Floor,44,07/20/2023 02:31 PM,True
2023-07-20 14:46:08.390229-04:00,19.047619047619,Marino Center - 2nd Floor,20,07/19/2023 11:00 PM,True
2023-07-20 14:46:08.390451-04:00,0,Functional Training Area,0,07/20/2023 02:14 PM,True
2023-07-20 14:46:08.390625-04:00,40,Marino Center - 3rd Floor Weight Room,26,07/19/2023 10:33 PM,True
2023-07-20 14:46:08.390797-04:00,36.666666666667,Marino Center - 3rd Floor Select & Cardio,33,07/19/2023 10:33 PM,True
2023-07-20 14:46:08.390964-04:00,73.333333333333,SquashBusters - 4th Floor,44,07/20/2023 02:31 PM,True
2023-07-20 15:02:23.920859-04:00,19.047619047619,Marino Center - 2nd Floor,20,07/19/2023 11:00 PM,True
2023-07-20 15:02:23.921136-04:00,0,Functional Training Area,0,07/20/2023 02:14 PM,True
2023-07-20 15:02:23.921361-04:00,40,Marino Center - 3rd Floor Weight Room,26,07/19/2023 10:33 PM,True
2023-07-20 15:02:23.921581-04:00,36.666666666667,Marino Center - 3rd Floor Select & Cardio,33,07/19/2023 10:33 PM,True
2023-07-20 15:02:23.921792-04:00,66.666666666667,SquashBusters - 4th Floor,40,06/08/2023 05:50 PM,True
2023-07-20 15:16:55.972018-04:00,19.047619047619,Marino Center - 2nd Floor,20,07/19/2023 11:00 PM,True
2023-07-20 15:16:55.972255-04:00,0,Functional Training Area,0,07/20/2023 03:12 PM,True
2023-07-20 15:16:55.972447-04:00,40,Marino Center - 3rd Floor Weight Room,26,07/19/2023 10:33 PM,True
2023-07-20 15:16:55.972635-04:00,36.666666666667,Marino Center - 3rd Floor Select & Cardio,33,07/19/2023 10:33 PM,True
2023-07-20 15:16:55.972817-04:00,60,SquashBusters - 4th Floor,36,07/20/2023 03:10 PM,True
2023-07-20 15:31:12.415502-04:00,19.047619047619,Marino Center - 2nd Floor,20,07/19/2023 11:00 PM,True
2023-07-20 15:31:12.415743-04:00,0,Functional Training Area,0,07/20/2023 03:12 PM,True
2023-07-20 15:31:12.415976-04:00,40,Marino Center - 3rd Floor Weight Room,26,07/19/2023 10:33 PM,True
2023-07-20 15:31:12.416162-04:00,36.666666666667,Marino Center - 3rd Floor Select & Cardio,33,07/19/2023 10:33 PM,True
2023-07-20 15:31:12.416343-04:00,60,SquashBusters - 4th Floor,36,07/20/2023 03:10 PM,True
2023-07-20 15:45:59.104175-04:00,19.047619047619,Marino Center - 2nd Floor,20,07/19/2023 11:00 PM,True
2023-07-20 15:45:59.104410-04:00,16,Functional Training Area,4,07/20/2023 03:33 PM,True
2023-07-20 15:45:59.104583-04:00,40,Marino Center - 3rd Floor Weight Room,26,07/19/2023 10:33 PM,True
2023-07-20 15:45:59.104751-04:00,36.666666666667,Marino Center - 3rd Floor Select & Cardio,33,07/19/2023 10:33 PM,True
2023-07-20 15:45:59.104915-04:00,60,SquashBusters - 4th Floor,36,07/20/2023 03:10 PM,True
2023-07-20 16:04:20.715785-04:00,4.7619047619048,Marino Center - 2nd Floor,5,07/20/2023 04:00 PM,True
2023-07-20 16:04:20.716036-04:00,16,Functional Training Area,4,07/20/2023 03:33 PM,True
2023-07-20 16:04:20.716233-04:00,0,Marino Center - 3rd Floor Weight Room,0,07/20/2023 03:51 PM,True
2023-07-20 16:04:20.716480-04:00,0,Marino Center - 3rd Floor Select & Cardio,0,07/20/2023 03:51 PM,True
2023-07-20 16:04:20.716673-04:00,53.333333333333,SquashBusters - 4th Floor,32,07/20/2023 03:55 PM,True
2023-07-20 16:21:52.016518-04:00,4.7619047619048,Marino Center - 2nd Floor,5,07/20/2023 04:00 PM,True
2023-07-20 16:21:52.016818-04:00,24,Functional Training Area,6,07/20/2023 04:18 PM,True
2023-07-20 16:21:52.017272-04:00,0,Marino Center - 3rd Floor Weight Room,0,07/20/2023 03:51 PM,True
2023-07-20 16:21:52.017526-04:00,0,Marino Center - 3rd Floor Select & Cardio,0,07/20/2023 03:51 PM,True
2023-07-20 16:21:52.017788-04:00,45,SquashBusters - 4th Floor,27,07/20/2023 04:17 PM,True
2023-07-20 16:31:12.486541-04:00,4.7619047619048,Marino Center - 2nd Floor,5,07/20/2023 04:00 PM,True
2023-07-20 16:31:12.486771-04:00,24,Functional Training Area,6,07/20/2023 04:18 PM,True
2023-07-20 16:31:12.486957-04:00,38.461538461538,Marino Center - 3rd Floor Weight Room,25,07/20/2023 04:29 PM,True
2023-07-20 16:31:12.487141-04:00,21.111111111111,Marino Center - 3rd Floor Select & Cardio,19,07/20/2023 04:29 PM,True
2023-07-20 16:31:12.487318-04:00,45,SquashBusters - 4th Floor,27,07/20/2023 04:17 PM,True
2023-07-20 16:45:59.654168-04:00,24.761904761905,Marino Center - 2nd Floor,26,07/20/2023 04:31 PM,True
2023-07-20 16:45:59.654413-04:00,24,Functional Training Area,6,07/20/2023 04:18 PM,True
2023-07-20 16:45:59.654667-04:00,38.461538461538,Marino Center - 3rd Floor Weight Room,25,07/20/2023 04:29 PM,True
2023-07-20 16:45:59.654866-04:00,21.111111111111,Marino Center - 3rd Floor Select & Cardio,19,07/20/2023 04:29 PM,True
2023-07-20 16:45:59.655058-04:00,45,SquashBusters - 4th Floor,27,07/20/2023 04:17 PM,True
2023-07-20 17:02:24.104300-04:00,24.761904761905,Marino Center - 2nd Floor,26,07/20/2023 04:31 PM,True
2023-07-20 17:02:24.104535-04:00,24,Functional Training Area,6,07/20/2023 04:18 PM,True
2023-07-20 17:02:24.104720-04:00,46.153846153846,Marino Center - 3rd Floor Weight Room,30,07/20/2023 04:58 PM,True
2023-07-20 17:02:24.104903-04:00,26.666666666667,Marino Center - 3rd Floor Select & Cardio,24,07/20/2023 04:58 PM,True
2023-07-20 17:02:24.105081-04:00,48.333333333333,SquashBusters - 4th Floor,29,07/20/2023 04:57 PM,True
2023-07-20 17:18:12.787680-04:00,26.666666666667,Marino Center - 2nd Floor,28,07/20/2023 05:02 PM,True
2023-07-20 17:18:12.787952-04:00,24,Functional Training Area,6,07/20/2023 04:18 PM,True
2023-07-20 17:18:12.788173-04:00,46.153846153846,Marino Center - 3rd Floor Weight Room,30,07/20/2023 04:58 PM,True
2023-07-20 17:18:12.788388-04:00,26.666666666667,Marino Center - 3rd Floor Select & Cardio,24,07/20/2023 04:58 PM,True
2023-07-20 17:18:12.788596-04:00,48.333333333333,SquashBusters - 4th Floor,29,07/20/2023 04:57 PM,True
2023-07-20 17:31:03.332145-04:00,26.666666666667,Marino Center - 2nd Floor,28,07/20/2023 05:30 PM,True
2023-07-20 17:31:03.332361-04:00,4,Functional Training Area,1,07/20/2023 05:30 PM,True
2023-07-20 17:31:03.332538-04:00,46.153846153846,Marino Center - 3rd Floor Weight Room,30,07/20/2023 04:58 PM,True
2023-07-20 17:31:03.332715-04:00,26.666666666667,Marino Center - 3rd Floor Select & Cardio,24,07/20/2023 04:58 PM,True
2023-07-20 17:31:03.332883-04:00,48.333333333333,SquashBusters - 4th Floor,29,07/20/2023 04:57 PM,True
2023-07-20 17:46:02.420106-04:00,26.666666666667,Marino Center - 2nd Floor,28,07/20/2023 05:30 PM,True
2023-07-20 17:46:02.420376-04:00,12,Functional Training Area,3,07/20/2023 05:34 PM,True
2023-07-20 17:46:02.420679-04:00,64.615384615385,Marino Center - 3rd Floor Weight Room,42,07/20/2023 05:41 PM,True
2023-07-20 17:46:02.420913-04:00,35.555555555556,Marino Center - 3rd Floor Select & Cardio,32,07/20/2023 05:41 PM,True
2023-07-20 17:46:02.421125-04:00,60,SquashBusters - 4th Floor,36,07/20/2023 05:42 PM,True
2023-07-20 18:03:12.260272-04:00,30.47619047619,Marino Center - 2nd Floor,32,07/20/2023 05:59 PM,True
2023-07-20 18:03:12.260539-04:00,24,Functional Training Area,6,07/20/2023 05:58 PM,True
2023-07-20 18:03:12.260772-04:00,64.615384615385,Marino Center - 3rd Floor Weight Room,42,07/20/2023 05:41 PM,True
2023-07-20 18:03:12.260979-04:00,35.555555555556,Marino Center - 3rd Floor Select & Cardio,32,07/20/2023 05:41 PM,True
2023-07-20 18:03:12.261162-04:00,60,SquashBusters - 4th Floor,36,07/20/2023 05:42 PM,True
2023-07-20 18:23:41.737820-04:00,33.333333333333,Marino Center - 2nd Floor,35,07/20/2023 06:22 PM,True
2023-07-20 18:23:41.738089-04:00,32,Functional Training Area,8,07/20/2023 06:15 PM,True
2023-07-20 18:23:41.738305-04:00,76.923076923077,Marino Center - 3rd Floor Weight Room,50,07/20/2023 06:06 PM,True
2023-07-20 18:23:41.738520-04:00,36.666666666667,Marino Center - 3rd Floor Select & Cardio,33,07/20/2023 06:06 PM,True
2023-07-20 18:23:41.738727-04:00,60,SquashBusters - 4th Floor,36,07/20/2023 05:42 PM,True
2023-07-20 18:31:12.530270-04:00,33.333333333333,Marino Center - 2nd Floor,35,07/20/2023 06:22 PM,True
2023-07-20 18:31:12.530512-04:00,32,Functional Training Area,8,07/20/2023 06:15 PM,True
2023-07-20 18:31:12.530699-04:00,76.923076923077,Marino Center - 3rd Floor Weight Room,50,07/20/2023 06:06 PM,True
2023-07-20 18:31:12.530884-04:00,36.666666666667,Marino Center - 3rd Floor Select & Cardio,33,07/20/2023 06:06 PM,True
2023-07-20 18:31:12.531063-04:00,60,SquashBusters - 4th Floor,36,07/20/2023 05:42 PM,True
2023-07-20 18:46:01.413356-04:00,33.333333333333,Marino Center - 2nd Floor,35,07/20/2023 06:22 PM,True
2023-07-20 18:46:01.413643-04:00,16,Functional Training Area,4,07/20/2023 06:38 PM,True
2023-07-20 18:46:01.413846-04:00,76.923076923077,Marino Center - 3rd Floor Weight Room,50,07/20/2023 06:06 PM,True
2023-07-20 18:46:01.414084-04:00,36.666666666667,Marino Center - 3rd Floor Select & Cardio,33,07/20/2023 06:06 PM,True
2023-07-20 18:46:01.414296-04:00,60,SquashBusters - 4th Floor,36,07/20/2023 05:42 PM,True
2023-07-20 19:03:58.072129-04:00,33.333333333333,Marino Center - 2nd Floor,35,07/20/2023 06:22 PM,True
2023-07-20 19:03:58.072361-04:00,20,Functional Training Area,5,07/20/2023 07:00 PM,True
2023-07-20 19:03:58.072547-04:00,72.307692307692,Marino Center - 3rd Floor Weight Room,47,07/20/2023 06:59 PM,True
2023-07-20 19:03:58.072733-04:00,40,Marino Center - 3rd Floor Select & Cardio,36,07/20/2023 06:59 PM,True
2023-07-20 19:03:58.072989-04:00,73.333333333333,SquashBusters - 4th Floor,44,07/20/2023 07:01 PM,True
2023-07-20 19:20:36.134694-04:00,33.333333333333,Marino Center - 2nd Floor,35,07/20/2023 06:22 PM,True
2023-07-20 19:20:36.134976-04:00,12,Functional Training Area,3,07/20/2023 07:14 PM,True
2023-07-20 19:20:36.135203-04:00,72.307692307692,Marino Center - 3rd Floor Weight Room,47,07/20/2023 06:59 PM,True
2023-07-20 19:20:36.135434-04:00,40,Marino Center - 3rd Floor Select & Cardio,36,07/20/2023 06:59 PM,True
2023-07-20 19:20:36.135651-04:00,73.333333333333,SquashBusters - 4th Floor,44,07/20/2023 07:01 PM,True
2023-07-20 19:31:21.258410-04:00,33.333333333333,Marino Center - 2nd Floor,35,07/20/2023 06:22 PM,True
2023-07-20 19:31:21.258639-04:00,8,Functional Training Area,2,07/20/2023 07:27 PM,True
2023-07-20 19:31:21.258830-04:00,64.615384615385,Marino Center - 3rd Floor Weight Room,42,07/20/2023 07:23 PM,True
2023-07-20 19:31:21.259015-04:00,40,Marino Center - 3rd Floor Select & Cardio,36,07/20/2023 06:59 PM,True
2023-07-20 19:31:21.259195-04:00,73.333333333333,SquashBusters - 4th Floor,44,07/20/2023 07:01 PM,True
2023-07-20 19:34:39.821417-04:00,33.333333333333,Marino Center - 2nd Floor,35,07/20/2023 06:22 PM,True
2023-07-20 19:34:39.821649-04:00,4,Functional Training Area,1,07/20/2023 07:34 PM,True
2023-07-20 19:34:39.821836-04:00,64.615384615385,Marino Center - 3rd Floor Weight Room,42,07/20/2023 07:23 PM,True
2023-07-20 19:34:39.822019-04:00,40,Marino Center - 3rd Floor Select & Cardio,36,07/20/2023 06:59 PM,True
2023-07-20 19:34:39.822195-04:00,78.333333333333,SquashBusters - 4th Floor,47,07/20/2023 07:31 PM,True
2023-07-20 19:45:53.131354-04:00,30.47619047619,Marino Center - 2nd Floor,32,07/20/2023 07:40 PM,True
2023-07-20 19:45:53.131581-04:00,4,Functional Training Area,1,07/20/2023 07:34 PM,True
2023-07-20 19:45:53.131765-04:00,64.615384615385,Marino Center - 3rd Floor Weight Room,42,07/20/2023 07:23 PM,True
2023-07-20 19:45:53.131946-04:00,40,Marino Center - 3rd Floor Select & Cardio,36,07/20/2023 06:59 PM,True
2023-07-20 19:45:53.132123-04:00,78.333333333333,SquashBusters - 4th Floor,47,07/20/2023 07:31 PM,True
2023-07-20 20:04:14.422050-04:00,30.47619047619,Marino Center - 2nd Floor,32,07/20/2023 07:40 PM,True
2023-07-20 20:04:14.422299-04:00,4,Functional Training Area,1,07/20/2023 07:34 PM,True
2023-07-20 20:04:14.422499-04:00,64.615384615385,Marino Center - 3rd Floor Weight Room,42,07/20/2023 07:23 PM,True
2023-07-20 20:04:14.422992-04:00,40,Marino Center - 3rd Floor Select & Cardio,36,07/20/2023 06:59 PM,True
2023-07-20 20:04:14.423304-04:00,78.333333333333,SquashBusters - 4th Floor,47,07/20/2023 07:31 PM,True
2023-07-20 20:11:16.481147-04:00,30.47619047619,Marino Center - 2nd Floor,32,07/20/2023 07:40 PM,True
2023-07-20 20:11:16.481390-04:00,4,Functional Training Area,1,07/20/2023 07:34 PM,True
2023-07-20 20:11:16.481577-04:00,64.615384615385,Marino Center - 3rd Floor Weight Room,42,07/20/2023 07:23 PM,True
2023-07-20 20:11:16.481762-04:00,40,Marino Center - 3rd Floor Select & Cardio,36,07/20/2023 06:59 PM,True
2023-07-20 20:11:16.481940-04:00,53.333333333333,SquashBusters - 4th Floor,32,07/20/2023 08:07 PM,True
2023-07-20 20:29:19.186049-04:00,30.47619047619,Marino Center - 2nd Floor,32,07/20/2023 07:40 PM,True
2023-07-20 20:29:19.186306-04:00,4,Functional Training Area,1,07/20/2023 07:34 PM,True
2023-07-20 20:29:19.186512-04:00,64.615384615385,Marino Center - 3rd Floor Weight Room,42,07/20/2023 07:23 PM,True
2023-07-20 20:29:19.186711-04:00,40,Marino Center - 3rd Floor Select & Cardio,36,07/20/2023 06:59 PM,True
2023-07-20 20:29:19.186899-04:00,53.333333333333,SquashBusters - 4th Floor,32,07/20/2023 08:07 PM,True
2023-07-20 20:33:08.321751-04:00,30.47619047619,Marino Center - 2nd Floor,32,07/20/2023 07:40 PM,True
2023-07-20 20:33:08.321969-04:00,4,Functional Training Area,1,07/20/2023 07:34 PM,True
2023-07-20 20:33:08.322143-04:00,64.615384615385,Marino Center - 3rd Floor Weight Room,42,07/20/2023 07:23 PM,True
2023-07-20 20:33:08.322320-04:00,40,Marino Center - 3rd Floor Select & Cardio,36,07/20/2023 06:59 PM,True
2023-07-20 20:33:08.322487-04:00,53.333333333333,SquashBusters - 4th Floor,32,07/20/2023 08:07 PM,True
2023-07-20 21:56:49.447523-04:00,26.666666666667,Marino Center - 2nd Floor,28,07/20/2023 09:50 PM,True
2023-07-20 21:56:49.447749-04:00,4,Functional Training Area,1,07/20/2023 07:34 PM,True
2023-07-20 21:56:49.447939-04:00,60,Marino Center - 3rd Floor Weight Room,39,07/20/2023 09:20 PM,True
2023-07-20 21:56:49.448184-04:00,38.888888888889,Marino Center - 3rd Floor Select & Cardio,35,07/20/2023 09:20 PM,True
2023-07-20 21:56:49.448366-04:00,46.666666666667,SquashBusters - 4th Floor,28,07/20/2023 09:30 PM,True
2023-07-20 22:29:54.593902-04:00,23.809523809524,Marino Center - 2nd Floor,25,07/20/2023 10:04 PM,True
2023-07-20 22:29:54.594163-04:00,4,Functional Training Area,1,07/20/2023 07:34 PM,True
2023-07-20 22:29:54.594379-04:00,55.384615384615,Marino Center - 3rd Floor Weight Room,36,07/20/2023 10:23 PM,True
2023-07-20 22:29:54.594596-04:00,36.666666666667,Marino Center - 3rd Floor Select & Cardio,33,07/20/2023 10:23 PM,True
2023-07-20 22:29:54.594787-04:00,46.666666666667,SquashBusters - 4th Floor,28,07/20/2023 09:30 PM,True
2023-07-20 22:45:31.637992-04:00,25.714285714286,Marino Center - 2nd Floor,27,07/20/2023 10:33 PM,True
2023-07-20 22:45:31.638231-04:00,4,Functional Training Area,1,07/20/2023 07:34 PM,True
2023-07-20 22:45:31.638431-04:00,58.461538461538,Marino Center - 3rd Floor Weight Room,38,07/20/2023 10:35 PM,True
2023-07-20 22:45:31.638625-04:00,37.777777777778,Marino Center - 3rd Floor Select & Cardio,34,07/20/2023 10:35 PM,True
2023-07-20 22:45:31.638810-04:00,46.666666666667,SquashBusters - 4th Floor,28,07/20/2023 09:30 PM,True
2023-07-20 23:04:42.139392-04:00,13.333333333333,Marino Center - 2nd Floor,14,07/20/2023 10:52 PM,True
2023-07-20 23:04:42.139605-04:00,4,Functional Training Area,1,07/20/2023 07:34 PM,True
2023-07-20 23:04:42.139784-04:00,56.923076923077,Marino Center - 3rd Floor Weight Room,37,07/20/2023 10:49 PM,True
2023-07-20 23:04:42.139958-04:00,36.666666666667,Marino Center - 3rd Floor Select & Cardio,33,07/20/2023 10:49 PM,True
2023-07-20 23:04:42.140128-04:00,46.666666666667,SquashBusters - 4th Floor,28,07/20/2023 09:30 PM,True
2023-07-20 23:21:16.595379-04:00,13.333333333333,Marino Center - 2nd Floor,14,07/20/2023 10:52 PM,True
2023-07-20 23:21:16.595605-04:00,4,Functional Training Area,1,07/20/2023 07:34 PM,True
2023-07-20 23:21:16.595791-04:00,56.923076923077,Marino Center - 3rd Floor Weight Room,37,07/20/2023 10:49 PM,True
2023-07-20 23:21:16.595975-04:00,36.666666666667,Marino Center - 3rd Floor Select & Cardio,33,07/20/2023 10:49 PM,True
2023-07-20 23:21:16.596154-04:00,46.666666666667,SquashBusters - 4th Floor,28,07/20/2023 09:30 PM,True
2023-07-20 23:31:13.773935-04:00,13.333333333333,Marino Center - 2nd Floor,14,07/20/2023 10:52 PM,True
2023-07-20 23:31:13.774142-04:00,4,Functional Training Area,1,07/20/2023 07:34 PM,True
2023-07-20 23:31:13.774320-04:00,56.923076923077,Marino Center - 3rd Floor Weight Room,37,07/20/2023 10:49 PM,True
2023-07-20 23:31:13.774494-04:00,36.666666666667,Marino Center - 3rd Floor Select & Cardio,33,07/20/2023 10:49 PM,True
2023-07-20 23:31:13.774658-04:00,46.666666666667,SquashBusters - 4th Floor,28,07/20/2023 09:30 PM,True
2023-07-20 23:46:03.826076-04:00,13.333333333333,Marino Center - 2nd Floor,14,07/20/2023 10:52 PM,True
2023-07-20 23:46:03.826336-04:00,4,Functional Training Area,1,07/20/2023 07:34 PM,True
2023-07-20 23:46:03.826550-04:00,56.923076923077,Marino Center - 3rd Floor Weight Room,37,07/20/2023 10:49 PM,True
2023-07-20 23:46:03.826764-04:00,36.666666666667,Marino Center - 3rd Floor Select & Cardio,33,07/20/2023 10:49 PM,True
2023-07-20 23:46:03.826971-04:00,46.666666666667,SquashBusters - 4th Floor,28,07/20/2023 09:30 PM,True
2023-07-21 00:07:02.858859-04:00,0,Marino Center - 2nd Floor,0,07/21/2023 12:01 AM,True
2023-07-21 00:07:02.859137-04:00,4,Functional Training Area,1,07/20/2023 07:34 PM,True
2023-07-21 00:07:02.859356-04:00,56.923076923077,Marino Center - 3rd Floor Weight Room,37,07/20/2023 10:49 PM,True
2023-07-21 00:07:02.859571-04:00,36.666666666667,Marino Center - 3rd Floor Select & Cardio,33,07/20/2023 10:49 PM,True
2023-07-21 00:07:02.859777-04:00,46.666666666667,SquashBusters - 4th Floor,28,07/20/2023 09:30 PM,True
2023-07-21 00:25:12.951740-04:00,0,Marino Center - 2nd Floor,0,07/21/2023 12:01 AM,True
2023-07-21 00:25:12.951959-04:00,4,Functional Training Area,1,07/20/2023 07:34 PM,True
2023-07-21 00:25:12.952139-04:00,56.923076923077,Marino Center - 3rd Floor Weight Room,37,07/20/2023 10:49 PM,True
2023-07-21 00:25:12.952316-04:00,36.666666666667,Marino Center - 3rd Floor Select & Cardio,33,07/20/2023 10:49 PM,True
2023-07-21 00:25:12.952485-04:00,46.666666666667,SquashBusters - 4th Floor,28,07/20/2023 09:30 PM,True
2023-07-21 00:31:17.227887-04:00,0,Marino Center - 2nd Floor,0,07/21/2023 12:01 AM,True
2023-07-21 00:31:17.228153-04:00,4,Functional Training Area,1,07/20/2023 07:34 PM,True
2023-07-21 00:31:17.228368-04:00,56.923076923077,Marino Center - 3rd Floor Weight Room,37,07/20/2023 10:49 PM,True
2023-07-21 00:31:17.228586-04:00,36.666666666667,Marino Center - 3rd Floor Select & Cardio,33,07/20/2023 10:49 PM,True
2023-07-21 00:31:17.228794-04:00,46.666666666667,SquashBusters - 4th Floor,28,07/20/2023 09:30 PM,True
2023-07-21 00:46:03.956070-04:00,0,Marino Center - 2nd Floor,0,07/21/2023 12:01 AM,True
2023-07-21 00:46:03.956282-04:00,4,Functional Training Area,1,07/20/2023 07:34 PM,True
2023-07-21 00:46:03.956457-04:00,56.923076923077,Marino Center - 3rd Floor Weight Room,37,07/20/2023 10:49 PM,True
2023-07-21 00:46:03.956631-04:00,36.666666666667,Marino Center - 3rd Floor Select & Cardio,33,07/20/2023 10:49 PM,True
2023-07-21 00:46:03.956796-04:00,46.666666666667,SquashBusters - 4th Floor,28,07/20/2023 09:30 PM,True
2023-07-21 01:03:33.073612-04:00,0,Marino Center - 2nd Floor,0,07/21/2023 12:01 AM,True
2023-07-21 01:03:33.073882-04:00,4,Functional Training Area,1,07/20/2023 07:34 PM,True
2023-07-21 01:03:33.074105-04:00,56.923076923077,Marino Center - 3rd Floor Weight Room,37,07/20/2023 10:49 PM,True
2023-07-21 01:03:33.074322-04:00,36.666666666667,Marino Center - 3rd Floor Select & Cardio,33,07/20/2023 10:49 PM,True
2023-07-21 01:03:33.074531-04:00,46.666666666667,SquashBusters - 4th Floor,28,07/20/2023 09:30 PM,True
2023-07-21 01:23:47.070733-04:00,0,Marino Center - 2nd Floor,0,07/21/2023 12:01 AM,True
2023-07-21 01:23:47.070994-04:00,4,Functional Training Area,1,07/20/2023 07:34 PM,True
2023-07-21 01:23:47.071208-04:00,56.923076923077,Marino Center - 3rd Floor Weight Room,37,07/20/2023 10:49 PM,True
2023-07-21 01:23:47.071421-04:00,36.666666666667,Marino Center - 3rd Floor Select & Cardio,33,07/20/2023 10:49 PM,True
2023-07-21 01:23:47.071626-04:00,46.666666666667,SquashBusters - 4th Floor,28,07/20/2023 09:30 PM,True
2023-07-21 01:32:12.705707-04:00,0,Marino Center - 2nd Floor,0,07/21/2023 12:01 AM,True
2023-07-21 01:32:12.706049-04:00,4,Functional Training Area,1,07/20/2023 07:34 PM,True
2023-07-21 01:32:12.706324-04:00,56.923076923077,Marino Center - 3rd Floor Weight Room,37,07/20/2023 10:49 PM,True
2023-07-21 01:32:12.706625-04:00,36.666666666667,Marino Center - 3rd Floor Select & Cardio,33,07/20/2023 10:49 PM,True
2023-07-21 01:32:12.706930-04:00,46.666666666667,SquashBusters - 4th Floor,28,07/20/2023 09:30 PM,True
2023-07-21 01:46:05.868811-04:00,0,Marino Center - 2nd Floor,0,07/21/2023 12:01 AM,True
2023-07-21 01:46:05.869027-04:00,4,Functional Training Area,1,07/20/2023 07:34 PM,True
2023-07-21 01:46:05.869203-04:00,56.923076923077,Marino Center - 3rd Floor Weight Room,37,07/20/2023 10:49 PM,True
2023-07-21 01:46:05.869376-04:00,36.666666666667,Marino Center - 3rd Floor Select & Cardio,33,07/20/2023 10:49 PM,True
2023-07-21 01:46:05.869546-04:00,46.666666666667,SquashBusters - 4th Floor,28,07/20/2023 09:30 PM,True
2023-07-21 02:07:36.246150-04:00,0,Marino Center - 2nd Floor,0,07/21/2023 12:01 AM,True
2023-07-21 02:07:36.246372-04:00,4,Functional Training Area,1,07/20/2023 07:34 PM,True
2023-07-21 02:07:36.246560-04:00,56.923076923077,Marino Center - 3rd Floor Weight Room,37,07/20/2023 10:49 PM,True
2023-07-21 02:07:36.246744-04:00,36.666666666667,Marino Center - 3rd Floor Select & Cardio,33,07/20/2023 10:49 PM,True
2023-07-21 02:07:36.246922-04:00,46.666666666667,SquashBusters - 4th Floor,28,07/20/2023 09:30 PM,True
2023-07-21 02:26:49.198001-04:00,0,Marino Center - 2nd Floor,0,07/21/2023 12:01 AM,True
2023-07-21 02:26:49.198214-04:00,4,Functional Training Area,1,07/20/2023 07:34 PM,True
2023-07-21 02:26:49.198392-04:00,56.923076923077,Marino Center - 3rd Floor Weight Room,37,07/20/2023 10:49 PM,True
2023-07-21 02:26:49.198564-04:00,36.666666666667,Marino Center - 3rd Floor Select & Cardio,33,07/20/2023 10:49 PM,True
2023-07-21 02:26:49.198732-04:00,46.666666666667,SquashBusters - 4th Floor,28,07/20/2023 09:30 PM,True
2023-07-21 02:34:12.010928-04:00,0,Marino Center - 2nd Floor,0,07/21/2023 12:01 AM,True
2023-07-21 02:34:12.011158-04:00,4,Functional Training Area,1,07/20/2023 07:34 PM,True
2023-07-21 02:34:12.011358-04:00,56.923076923077,Marino Center - 3rd Floor Weight Room,37,07/20/2023 10:49 PM,True
2023-07-21 02:34:12.011554-04:00,36.666666666667,Marino Center - 3rd Floor Select & Cardio,33,07/20/2023 10:49 PM,True
2023-07-21 02:34:12.011740-04:00,46.666666666667,SquashBusters - 4th Floor,28,07/20/2023 09:30 PM,True
2023-07-21 02:46:03.608651-04:00,0,Marino Center - 2nd Floor,0,07/21/2023 12:01 AM,True
2023-07-21 02:46:03.608879-04:00,4,Functional Training Area,1,07/20/2023 07:34 PM,True
2023-07-21 02:46:03.609066-04:00,56.923076923077,Marino Center - 3rd Floor Weight Room,37,07/20/2023 10:49 PM,True
2023-07-21 02:46:03.609248-04:00,36.666666666667,Marino Center - 3rd Floor Select & Cardio,33,07/20/2023 10:49 PM,True
2023-07-21 02:46:03.609425-04:00,46.666666666667,SquashBusters - 4th Floor,28,07/20/2023 09:30 PM,True
2023-07-21 03:03:10.538108-04:00,0,Marino Center - 2nd Floor,0,07/21/2023 12:01 AM,True
2023-07-21 03:03:10.538374-04:00,4,Functional Training Area,1,07/20/2023 07:34 PM,True
2023-07-21 03:03:10.538590-04:00,56.923076923077,Marino Center - 3rd Floor Weight Room,37,07/20/2023 10:49 PM,True
2023-07-21 03:03:10.538846-04:00,36.666666666667,Marino Center - 3rd Floor Select & Cardio,33,07/20/2023 10:49 PM,True
2023-07-21 03:03:10.539055-04:00,46.666666666667,SquashBusters - 4th Floor,28,07/20/2023 09:30 PM,True
2023-07-21 03:19:06.605882-04:00,0,Marino Center - 2nd Floor,0,07/21/2023 12:01 AM,True
2023-07-21 03:19:06.606097-04:00,4,Functional Training Area,1,07/20/2023 07:34 PM,True
2023-07-21 03:19:06.606272-04:00,56.923076923077,Marino Center - 3rd Floor Weight Room,37,07/20/2023 10:49 PM,True
2023-07-21 03:19:06.606443-04:00,36.666666666667,Marino Center - 3rd Floor Select & Cardio,33,07/20/2023 10:49 PM,True
2023-07-21 03:19:06.606609-04:00,46.666666666667,SquashBusters - 4th Floor,28,07/20/2023 09:30 PM,True
2023-07-21 03:31:18.053369-04:00,0,Marino Center - 2nd Floor,0,07/21/2023 12:01 AM,True
2023-07-21 03:31:18.053835-04:00,4,Functional Training Area,1,07/20/2023 07:34 PM,True
2023-07-21 03:31:18.054081-04:00,56.923076923077,Marino Center - 3rd Floor Weight Room,37,07/20/2023 10:49 PM,True
2023-07-21 03:31:18.054326-04:00,36.666666666667,Marino Center - 3rd Floor Select & Cardio,33,07/20/2023 10:49 PM,True
2023-07-21 03:31:18.054537-04:00,46.666666666667,SquashBusters - 4th Floor,28,07/20/2023 09:30 PM,True
2023-07-21 03:46:04.468779-04:00,0,Marino Center - 2nd Floor,0,07/21/2023 12:01 AM,True
2023-07-21 03:46:04.469039-04:00,4,Functional Training Area,1,07/20/2023 07:34 PM,True
2023-07-21 03:46:04.469257-04:00,56.923076923077,Marino Center - 3rd Floor Weight Room,37,07/20/2023 10:49 PM,True
2023-07-21 03:46:04.469469-04:00,36.666666666667,Marino Center - 3rd Floor Select & Cardio,33,07/20/2023 10:49 PM,True
2023-07-21 03:46:04.469676-04:00,46.666666666667,SquashBusters - 4th Floor,28,07/20/2023 09:30 PM,True
2023-07-21 04:07:22.863884-04:00,0,Marino Center - 2nd Floor,0,07/21/2023 12:01 AM,True
2023-07-21 04:07:22.864151-04:00,4,Functional Training Area,1,07/20/2023 07:34 PM,True
2023-07-21 04:07:22.864363-04:00,56.923076923077,Marino Center - 3rd Floor Weight Room,37,07/20/2023 10:49 PM,True
2023-07-21 04:07:22.864561-04:00,36.666666666667,Marino Center - 3rd Floor Select & Cardio,33,07/20/2023 10:49 PM,True
2023-07-21 04:07:22.864751-04:00,46.666666666667,SquashBusters - 4th Floor,28,07/20/2023 09:30 PM,True
2023-07-21 04:25:39.187166-04:00,0,Marino Center - 2nd Floor,0,07/21/2023 12:01 AM,True
2023-07-21 04:25:39.187392-04:00,4,Functional Training Area,1,07/20/2023 07:34 PM,True
2023-07-21 04:25:39.187580-04:00,56.923076923077,Marino Center - 3rd Floor Weight Room,37,07/20/2023 10:49 PM,True
2023-07-21 04:25:39.187764-04:00,36.666666666667,Marino Center - 3rd Floor Select & Cardio,33,07/20/2023 10:49 PM,True
2023-07-21 04:25:39.187943-04:00,46.666666666667,SquashBusters - 4th Floor,28,07/20/2023 09:30 PM,True
2023-07-21 04:31:52.864148-04:00,0,Marino Center - 2nd Floor,0,07/21/2023 12:01 AM,True
2023-07-21 04:31:52.864361-04:00,4,Functional Training Area,1,07/20/2023 07:34 PM,True
2023-07-21 04:31:52.864536-04:00,56.923076923077,Marino Center - 3rd Floor Weight Room,37,07/20/2023 10:49 PM,True
2023-07-21 04:31:52.864710-04:00,36.666666666667,Marino Center - 3rd Floor Select & Cardio,33,07/20/2023 10:49 PM,True
2023-07-21 04:31:52.864903-04:00,46.666666666667,SquashBusters - 4th Floor,28,07/20/2023 09:30 PM,True
2023-07-21 04:46:00.347286-04:00,0,Marino Center - 2nd Floor,0,07/21/2023 12:01 AM,True
2023-07-21 04:46:00.347551-04:00,4,Functional Training Area,1,07/20/2023 07:34 PM,True
2023-07-21 04:46:00.347770-04:00,56.923076923077,Marino Center - 3rd Floor Weight Room,37,07/20/2023 10:49 PM,True
2023-07-21 04:46:00.347983-04:00,36.666666666667,Marino Center - 3rd Floor Select & Cardio,33,07/20/2023 10:49 PM,True
2023-07-21 04:46:00.348189-04:00,46.666666666667,SquashBusters - 4th Floor,28,07/20/2023 09:30 PM,True
2023-07-21 05:03:57.522926-04:00,0,Marino Center - 2nd Floor,0,07/21/2023 12:01 AM,True
2023-07-21 05:03:57.523201-04:00,4,Functional Training Area,1,07/20/2023 07:34 PM,True
2023-07-21 05:03:57.523420-04:00,56.923076923077,Marino Center - 3rd Floor Weight Room,37,07/20/2023 10:49 PM,True
2023-07-21 05:03:57.523643-04:00,36.666666666667,Marino Center - 3rd Floor Select & Cardio,33,07/20/2023 10:49 PM,True
2023-07-21 05:03:57.523854-04:00,46.666666666667,SquashBusters - 4th Floor,28,07/20/2023 09:30 PM,True
2023-07-21 05:20:33.654415-04:00,0,Marino Center - 2nd Floor,0,07/21/2023 12:01 AM,True
2023-07-21 05:20:33.654646-04:00,4,Functional Training Area,1,07/20/2023 07:34 PM,True
2023-07-21 05:20:33.654830-04:00,56.923076923077,Marino Center - 3rd Floor Weight Room,37,07/20/2023 10:49 PM,True
2023-07-21 05:20:33.655012-04:00,36.666666666667,Marino Center - 3rd Floor Select & Cardio,33,07/20/2023 10:49 PM,True
2023-07-21 05:20:33.655188-04:00,46.666666666667,SquashBusters - 4th Floor,28,07/20/2023 09:30 PM,True
2023-07-21 05:31:02.190886-04:00,0,Marino Center - 2nd Floor,0,07/21/2023 12:01 AM,True
2023-07-21 05:31:02.191106-04:00,4,Functional Training Area,1,07/20/2023 07:34 PM,True
2023-07-21 05:31:02.191359-04:00,56.923076923077,Marino Center - 3rd Floor Weight Room,37,07/20/2023 10:49 PM,True
2023-07-21 05:31:02.191543-04:00,36.666666666667,Marino Center - 3rd Floor Select & Cardio,33,07/20/2023 10:49 PM,True
2023-07-21 05:31:02.191715-04:00,46.666666666667,SquashBusters - 4th Floor,28,07/20/2023 09:30 PM,True
2023-07-21 05:45:58.760050-04:00,0,Marino Center - 2nd Floor,0,07/21/2023 12:01 AM,True
2023-07-21 05:45:58.760327-04:00,4,Functional Training Area,1,07/20/2023 07:34 PM,True
2023-07-21 05:45:58.760557-04:00,56.923076923077,Marino Center - 3rd Floor Weight Room,37,07/20/2023 10:49 PM,True
2023-07-21 05:45:58.760758-04:00,36.666666666667,Marino Center - 3rd Floor Select & Cardio,33,07/20/2023 10:49 PM,True
2023-07-21 05:45:58.760946-04:00,5,SquashBusters - 4th Floor,3,07/21/2023 05:34 AM,True
2023-07-21 06:04:23.073567-04:00,0,Marino Center - 2nd Floor,0,07/21/2023 12:01 AM,True
2023-07-21 06:04:23.073792-04:00,4,Functional Training Area,1,07/20/2023 07:34 PM,True
2023-07-21 06:04:23.073979-04:00,56.923076923077,Marino Center - 3rd Floor Weight Room,37,07/20/2023 10:49 PM,True
2023-07-21 06:04:23.074165-04:00,36.666666666667,Marino Center - 3rd Floor Select & Cardio,33,07/20/2023 10:49 PM,True
2023-07-21 06:04:23.074344-04:00,28.333333333333,SquashBusters - 4th Floor,17,07/21/2023 05:54 AM,True
2023-07-21 06:26:30.267195-04:00,0,Marino Center - 2nd Floor,0,07/21/2023 12:01 AM,True
2023-07-21 06:26:30.267458-04:00,4,Functional Training Area,1,07/20/2023 07:34 PM,True
2023-07-21 06:26:30.267678-04:00,56.923076923077,Marino Center - 3rd Floor Weight Room,37,07/20/2023 10:49 PM,True
2023-07-21 06:26:30.267895-04:00,36.666666666667,Marino Center - 3rd Floor Select & Cardio,33,07/20/2023 10:49 PM,True
2023-07-21 06:26:30.268104-04:00,28.333333333333,SquashBusters - 4th Floor,17,07/21/2023 05:54 AM,True
2023-07-21 06:33:13.683121-04:00,0,Marino Center - 2nd Floor,0,07/21/2023 12:01 AM,True
2023-07-21 06:33:13.683352-04:00,4,Functional Training Area,1,07/20/2023 07:34 PM,True
2023-07-21 06:33:13.683527-04:00,56.923076923077,Marino Center - 3rd Floor Weight Room,37,07/20/2023 10:49 PM,True
2023-07-21 06:33:13.683702-04:00,36.666666666667,Marino Center - 3rd Floor Select & Cardio,33,07/20/2023 10:49 PM,True
2023-07-21 06:33:13.683868-04:00,40,SquashBusters - 4th Floor,24,07/21/2023 06:27 AM,True
2023-07-21 06:46:09.031256-04:00,0,Marino Center - 2nd Floor,0,07/21/2023 12:01 AM,True
2023-07-21 06:46:09.031532-04:00,4,Functional Training Area,1,07/20/2023 07:34 PM,True
2023-07-21 06:46:09.031777-04:00,56.923076923077,Marino Center - 3rd Floor Weight Room,37,07/20/2023 10:49 PM,True
2023-07-21 06:46:09.031994-04:00,36.666666666667,Marino Center - 3rd Floor Select & Cardio,33,07/20/2023 10:49 PM,True
2023-07-21 06:46:09.032215-04:00,40,SquashBusters - 4th Floor,24,07/21/2023 06:27 AM,True
2023-07-21 07:02:06.895606-04:00,0,Marino Center - 2nd Floor,0,07/21/2023 12:01 AM,True
2023-07-21 07:02:06.895837-04:00,4,Functional Training Area,1,07/20/2023 07:34 PM,True
2023-07-21 07:02:06.896026-04:00,56.923076923077,Marino Center - 3rd Floor Weight Room,37,07/20/2023 10:49 PM,True
2023-07-21 07:02:06.896211-04:00,36.666666666667,Marino Center - 3rd Floor Select & Cardio,33,07/20/2023 10:49 PM,True
2023-07-21 07:02:06.896391-04:00,40,SquashBusters - 4th Floor,24,07/21/2023 06:27 AM,True
2023-07-21 07:17:51.554193-04:00,0,Marino Center - 2nd Floor,0,07/21/2023 12:01 AM,True
2023-07-21 07:17:51.554403-04:00,4,Functional Training Area,1,07/20/2023 07:34 PM,True
2023-07-21 07:17:51.554576-04:00,56.923076923077,Marino Center - 3rd Floor Weight Room,37,07/20/2023 10:49 PM,True
2023-07-21 07:17:51.554748-04:00,36.666666666667,Marino Center - 3rd Floor Select & Cardio,33,07/20/2023 10:49 PM,True
2023-07-21 07:17:51.554913-04:00,40,SquashBusters - 4th Floor,24,07/21/2023 06:27 AM,True
2023-07-21 07:31:02.582634-04:00,0,Marino Center - 2nd Floor,0,07/21/2023 12:01 AM,True
2023-07-21 07:31:02.582868-04:00,4,Functional Training Area,1,07/20/2023 07:34 PM,True
2023-07-21 07:31:02.583052-04:00,56.923076923077,Marino Center - 3rd Floor Weight Room,37,07/20/2023 10:49 PM,True
2023-07-21 07:31:02.583236-04:00,36.666666666667,Marino Center - 3rd Floor Select & Cardio,33,07/20/2023 10:49 PM,True
2023-07-21 07:31:02.583415-04:00,40,SquashBusters - 4th Floor,24,07/21/2023 06:27 AM,True
2023-07-21 07:46:03.211315-04:00,0,Marino Center - 2nd Floor,0,07/21/2023 12:01 AM,True
2023-07-21 07:46:03.211596-04:00,4,Functional Training Area,1,07/20/2023 07:34 PM,True
2023-07-21 07:46:03.211811-04:00,56.923076923077,Marino Center - 3rd Floor Weight Room,37,07/20/2023 10:49 PM,True
2023-07-21 07:46:03.212023-04:00,36.666666666667,Marino Center - 3rd Floor Select & Cardio,33,07/20/2023 10:49 PM,True
2023-07-21 07:46:03.212212-04:00,53.333333333333,SquashBusters - 4th Floor,32,07/21/2023 07:41 AM,True
2023-07-21 08:10:00.657671-04:00,0,Marino Center - 2nd Floor,0,07/21/2023 12:01 AM,True
2023-07-21 08:10:00.657948-04:00,4,Functional Training Area,1,07/20/2023 07:34 PM,True
2023-07-21 08:10:00.658165-04:00,56.923076923077,Marino Center - 3rd Floor Weight Room,37,07/20/2023 10:49 PM,True
2023-07-21 08:10:00.658386-04:00,36.666666666667,Marino Center - 3rd Floor Select & Cardio,33,07/20/2023 10:49 PM,True
2023-07-21 08:10:00.658596-04:00,53.333333333333,SquashBusters - 4th Floor,32,07/21/2023 07:41 AM,True
2023-07-21 08:39:41.306152-04:00,0,Marino Center - 2nd Floor,0,07/21/2023 12:01 AM,True
2023-07-21 08:39:41.306383-04:00,4,Functional Training Area,1,07/20/2023 07:34 PM,True
2023-07-21 08:39:41.306567-04:00,56.923076923077,Marino Center - 3rd Floor Weight Room,37,07/20/2023 10:49 PM,True
2023-07-21 08:39:41.306750-04:00,36.666666666667,Marino Center - 3rd Floor Select & Cardio,33,07/20/2023 10:49 PM,True
2023-07-21 08:39:41.306927-04:00,38.333333333333,SquashBusters - 4th Floor,23,07/21/2023 08:29 AM,True
2023-07-21 08:57:14.079827-04:00,0,Marino Center - 2nd Floor,0,07/21/2023 12:01 AM,True
2023-07-21 08:57:14.080051-04:00,4,Functional Training Area,1,07/20/2023 07:34 PM,True
2023-07-21 08:57:14.080225-04:00,56.923076923077,Marino Center - 3rd Floor Weight Room,37,07/20/2023 10:49 PM,True
2023-07-21 08:57:14.080399-04:00,36.666666666667,Marino Center - 3rd Floor Select & Cardio,33,07/20/2023 10:49 PM,True
2023-07-21 08:57:14.080590-04:00,38.333333333333,SquashBusters - 4th Floor,23,07/21/2023 08:29 AM,True
2023-07-21 09:13:01.249263-04:00,0,Marino Center - 2nd Floor,0,07/21/2023 12:01 AM,True
2023-07-21 09:13:01.249484-04:00,4,Functional Training Area,1,07/20/2023 07:34 PM,True
2023-07-21 09:13:01.249662-04:00,56.923076923077,Marino Center - 3rd Floor Weight Room,37,07/20/2023 10:49 PM,True
2023-07-21 09:13:01.249838-04:00,36.666666666667,Marino Center - 3rd Floor Select & Cardio,33,07/20/2023 10:49 PM,True
2023-07-21 09:13:01.250008-04:00,53.333333333333,SquashBusters - 4th Floor,32,07/21/2023 09:01 AM,True
2023-07-21 09:25:33.630892-04:00,0,Marino Center - 2nd Floor,0,07/21/2023 12:01 AM,True
2023-07-21 09:25:33.631156-04:00,4,Functional Training Area,1,07/20/2023 07:34 PM,True
2023-07-21 09:25:33.631393-04:00,56.923076923077,Marino Center - 3rd Floor Weight Room,37,07/20/2023 10:49 PM,True
2023-07-21 09:25:33.631643-04:00,36.666666666667,Marino Center - 3rd Floor Select & Cardio,33,07/20/2023 10:49 PM,True
2023-07-21 09:25:33.631863-04:00,53.333333333333,SquashBusters - 4th Floor,32,07/21/2023 09:01 AM,True
2023-07-21 09:31:19.022289-04:00,0,Marino Center - 2nd Floor,0,07/21/2023 12:01 AM,True
2023-07-21 09:31:19.022552-04:00,4,Functional Training Area,1,07/20/2023 07:34 PM,True
2023-07-21 09:31:19.022846-04:00,56.923076923077,Marino Center - 3rd Floor Weight Room,37,07/20/2023 10:49 PM,True
2023-07-21 09:31:19.023069-04:00,36.666666666667,Marino Center - 3rd Floor Select & Cardio,33,07/20/2023 10:49 PM,True
2023-07-21 09:31:19.023301-04:00,53.333333333333,SquashBusters - 4th Floor,32,07/21/2023 09:01 AM,True
2023-07-21 09:45:58.245436-04:00,0,Marino Center - 2nd Floor,0,07/21/2023 12:01 AM,True
2023-07-21 09:45:58.245693-04:00,4,Functional Training Area,1,07/20/2023 07:34 PM,True
2023-07-21 09:45:58.245912-04:00,56.923076923077,Marino Center - 3rd Floor Weight Room,37,07/20/2023 10:49 PM,True
2023-07-21 09:45:58.246132-04:00,36.666666666667,Marino Center - 3rd Floor Select & Cardio,33,07/20/2023 10:49 PM,True
2023-07-21 09:45:58.246321-04:00,53.333333333333,SquashBusters - 4th Floor,32,07/21/2023 09:43 AM,True
2023-07-21 10:03:16.578827-04:00,0,Marino Center - 2nd Floor,0,07/21/2023 12:01 AM,True
2023-07-21 10:03:16.579095-04:00,4,Functional Training Area,1,07/20/2023 07:34 PM,True
2023-07-21 10:03:16.579318-04:00,56.923076923077,Marino Center - 3rd Floor Weight Room,37,07/20/2023 10:49 PM,True
2023-07-21 10:03:16.579534-04:00,36.666666666667,Marino Center - 3rd Floor Select & Cardio,33,07/20/2023 10:49 PM,True
2023-07-21 10:03:16.579742-04:00,53.333333333333,SquashBusters - 4th Floor,32,07/21/2023 09:43 AM,True
2023-07-21 10:23:24.956855-04:00,0,Marino Center - 2nd Floor,0,07/21/2023 12:01 AM,True
2023-07-21 10:23:24.957049-04:00,4,Functional Training Area,1,07/21/2023 10:20 AM,True
2023-07-21 10:23:24.957199-04:00,56.923076923077,Marino Center - 3rd Floor Weight Room,37,07/20/2023 10:49 PM,True
2023-07-21 10:23:24.957347-04:00,36.666666666667,Marino Center - 3rd Floor Select & Cardio,33,07/20/2023 10:49 PM,True
2023-07-21 10:23:24.957489-04:00,48.333333333333,SquashBusters - 4th Floor,29,07/21/2023 10:21 AM,True
2023-07-21 10:31:02.275057-04:00,0,Marino Center - 2nd Floor,0,07/21/2023 12:01 AM,True
2023-07-21 10:31:02.275276-04:00,4,Functional Training Area,1,07/21/2023 10:20 AM,True
2023-07-21 10:31:02.275452-04:00,56.923076923077,Marino Center - 3rd Floor Weight Room,37,07/20/2023 10:49 PM,True
2023-07-21 10:31:02.275627-04:00,36.666666666667,Marino Center - 3rd Floor Select & Cardio,33,07/20/2023 10:49 PM,True
2023-07-21 10:31:02.275795-04:00,48.333333333333,SquashBusters - 4th Floor,29,07/21/2023 10:21 AM,True
2023-07-21 10:46:03.972276-04:00,0,Marino Center - 2nd Floor,0,07/21/2023 12:01 AM,True
2023-07-21 10:46:03.972500-04:00,4,Functional Training Area,1,07/21/2023 10:20 AM,True
2023-07-21 10:46:03.972690-04:00,56.923076923077,Marino Center - 3rd Floor Weight Room,37,07/20/2023 10:49 PM,True
2023-07-21 10:46:03.972876-04:00,36.666666666667,Marino Center - 3rd Floor Select & Cardio,33,07/20/2023 10:49 PM,True
2023-07-21 10:46:03.973055-04:00,48.333333333333,SquashBusters - 4th Floor,29,07/21/2023 10:21 AM,True
2023-07-21 11:04:03.224763-04:00,0,Marino Center - 2nd Floor,0,07/21/2023 12:01 AM,True
2023-07-21 11:04:03.224990-04:00,4,Functional Training Area,1,07/21/2023 10:20 AM,True
2023-07-21 11:04:03.225176-04:00,56.923076923077,Marino Center - 3rd Floor Weight Room,37,07/20/2023 10:49 PM,True
2023-07-21 11:04:03.225363-04:00,36.666666666667,Marino Center - 3rd Floor Select & Cardio,33,07/20/2023 10:49 PM,True
2023-07-21 11:04:03.225541-04:00,48.333333333333,SquashBusters - 4th Floor,29,07/21/2023 10:21 AM,True
2023-07-21 11:22:13.336119-04:00,0,Marino Center - 2nd Floor,0,07/21/2023 12:01 AM,True
2023-07-21 11:22:13.336427-04:00,8,Functional Training Area,2,07/21/2023 11:16 AM,True
2023-07-21 11:22:13.336656-04:00,56.923076923077,Marino Center - 3rd Floor Weight Room,37,07/20/2023 10:49 PM,True
2023-07-21 11:22:13.336911-04:00,36.666666666667,Marino Center - 3rd Floor Select & Cardio,33,07/20/2023 10:49 PM,True
2023-07-21 11:22:13.337168-04:00,51.666666666667,SquashBusters - 4th Floor,31,07/21/2023 11:09 AM,True
2023-07-21 11:31:02.871852-04:00,0,Marino Center - 2nd Floor,0,07/21/2023 12:01 AM,True
2023-07-21 11:31:02.872134-04:00,8,Functional Training Area,2,07/21/2023 11:16 AM,True
2023-07-21 11:31:02.872361-04:00,56.923076923077,Marino Center - 3rd Floor Weight Room,37,07/20/2023 10:49 PM,True
2023-07-21 11:31:02.872595-04:00,36.666666666667,Marino Center - 3rd Floor Select & Cardio,33,07/20/2023 10:49 PM,True
2023-07-21 11:31:02.872814-04:00,51.666666666667,SquashBusters - 4th Floor,31,07/21/2023 11:09 AM,True
2023-07-21 11:46:05.452121-04:00,0,Marino Center - 2nd Floor,0,07/21/2023 12:01 AM,True
2023-07-21 11:46:05.452345-04:00,20,Functional Training Area,5,07/21/2023 11:39 AM,True
2023-07-21 11:46:05.452532-04:00,56.923076923077,Marino Center - 3rd Floor Weight Room,37,07/20/2023 10:49 PM,True
2023-07-21 11:46:05.452716-04:00,36.666666666667,Marino Center - 3rd Floor Select & Cardio,33,07/20/2023 10:49 PM,True
2023-07-21 11:46:05.452972-04:00,56.666666666667,SquashBusters - 4th Floor,34,07/21/2023 11:30 AM,True
2023-07-21 12:06:36.905611-04:00,0,Marino Center - 2nd Floor,0,07/21/2023 12:01 AM,True
2023-07-21 12:06:36.905842-04:00,20,Functional Training Area,5,07/21/2023 11:39 AM,True
2023-07-21 12:06:36.906026-04:00,56.923076923077,Marino Center - 3rd Floor Weight Room,37,07/20/2023 10:49 PM,True
2023-07-21 12:06:36.906288-04:00,36.666666666667,Marino Center - 3rd Floor Select & Cardio,33,07/20/2023 10:49 PM,True
2023-07-21 12:06:36.906469-04:00,60,SquashBusters - 4th Floor,36,07/21/2023 12:04 PM,True
2023-07-21 12:28:04.906053-04:00,0,Marino Center - 2nd Floor,0,07/21/2023 12:01 AM,True
2023-07-21 12:28:04.906277-04:00,20,Functional Training Area,5,07/21/2023 11:39 AM,True
2023-07-21 12:28:04.906455-04:00,56.923076923077,Marino Center - 3rd Floor Weight Room,37,07/20/2023 10:49 PM,True
2023-07-21 12:28:04.906631-04:00,36.666666666667,Marino Center - 3rd Floor Select & Cardio,33,07/20/2023 10:49 PM,True
2023-07-21 12:28:04.906814-04:00,56.666666666667,SquashBusters - 4th Floor,34,07/21/2023 12:20 PM,True
2023-07-21 12:37:23.883165-04:00,0,Marino Center - 2nd Floor,0,07/21/2023 12:01 AM,True
2023-07-21 12:37:23.883395-04:00,20,Functional Training Area,5,07/21/2023 11:39 AM,True
2023-07-21 12:37:23.883584-04:00,56.923076923077,Marino Center - 3rd Floor Weight Room,37,07/20/2023 10:49 PM,True
2023-07-21 12:37:23.883766-04:00,36.666666666667,Marino Center - 3rd Floor Select & Cardio,33,07/20/2023 10:49 PM,True
2023-07-21 12:37:23.883942-04:00,56.666666666667,SquashBusters - 4th Floor,34,07/21/2023 12:20 PM,True
2023-07-21 12:46:05.950712-04:00,0,Marino Center - 2nd Floor,0,07/21/2023 12:01 AM,True
2023-07-21 12:46:05.950931-04:00,20,Functional Training Area,5,07/21/2023 11:39 AM,True
2023-07-21 12:46:05.951105-04:00,56.923076923077,Marino Center - 3rd Floor Weight Room,37,07/20/2023 10:49 PM,True
2023-07-21 12:46:05.951278-04:00,36.666666666667,Marino Center - 3rd Floor Select & Cardio,33,07/20/2023 10:49 PM,True
2023-07-21 12:46:05.951445-04:00,56.666666666667,SquashBusters - 4th Floor,34,07/21/2023 12:20 PM,True
2023-07-21 13:02:31.632327-04:00,0,Marino Center - 2nd Floor,0,07/21/2023 12:01 AM,True
2023-07-21 13:02:31.632624-04:00,20,Functional Training Area,5,07/21/2023 11:39 AM,True
2023-07-21 13:02:31.632841-04:00,56.923076923077,Marino Center - 3rd Floor Weight Room,37,07/20/2023 10:49 PM,True
2023-07-21 13:02:31.633128-04:00,36.666666666667,Marino Center - 3rd Floor Select & Cardio,33,07/20/2023 10:49 PM,True
2023-07-21 13:02:31.633360-04:00,58.333333333333,SquashBusters - 4th Floor,35,07/21/2023 12:47 PM,True
2023-07-21 13:22:57.897515-04:00,0,Marino Center - 2nd Floor,0,07/21/2023 12:01 AM,True
2023-07-21 13:22:57.897798-04:00,8,Functional Training Area,2,07/21/2023 01:13 PM,True
2023-07-21 13:22:57.898049-04:00,56.923076923077,Marino Center - 3rd Floor Weight Room,37,07/20/2023 10:49 PM,True
2023-07-21 13:22:57.898378-04:00,36.666666666667,Marino Center - 3rd Floor Select & Cardio,33,07/20/2023 10:49 PM,True
2023-07-21 13:22:57.898803-04:00,35,SquashBusters - 4th Floor,21,07/21/2023 01:17 PM,True
2023-07-21 13:31:12.742830-04:00,0,Marino Center - 2nd Floor,0,07/21/2023 12:01 AM,True
2023-07-21 13:31:12.743055-04:00,8,Functional Training Area,2,07/21/2023 01:13 PM,True
2023-07-21 13:31:12.743241-04:00,56.923076923077,Marino Center - 3rd Floor Weight Room,37,07/20/2023 10:49 PM,True
2023-07-21 13:31:12.743425-04:00,36.666666666667,Marino Center - 3rd Floor Select & Cardio,33,07/20/2023 10:49 PM,True
2023-07-21 13:31:12.743603-04:00,35,SquashBusters - 4th Floor,21,07/21/2023 01:17 PM,True
2023-07-21 13:46:02.613192-04:00,0,Marino Center - 2nd Floor,0,07/21/2023 12:01 AM,True
2023-07-21 13:46:02.613426-04:00,8,Functional Training Area,2,07/21/2023 01:13 PM,True
2023-07-21 13:46:02.613610-04:00,56.923076923077,Marino Center - 3rd Floor Weight Room,37,07/20/2023 10:49 PM,True
2023-07-21 13:46:02.613793-04:00,36.666666666667,Marino Center - 3rd Floor Select & Cardio,33,07/20/2023 10:49 PM,True
2023-07-21 13:46:02.613969-04:00,35,SquashBusters - 4th Floor,21,07/21/2023 01:17 PM,True
2023-07-21 14:07:33.665984-04:00,0,Marino Center - 2nd Floor,0,07/21/2023 12:01 AM,True
2023-07-21 14:07:33.666243-04:00,8,Functional Training Area,2,07/21/2023 01:13 PM,True
2023-07-21 14:07:33.666458-04:00,56.923076923077,Marino Center - 3rd Floor Weight Room,37,07/20/2023 10:49 PM,True
2023-07-21 14:07:33.666670-04:00,36.666666666667,Marino Center - 3rd Floor Select & Cardio,33,07/20/2023 10:49 PM,True
2023-07-21 14:07:33.666873-04:00,28.333333333333,SquashBusters - 4th Floor,17,07/21/2023 01:49 PM,True
2023-07-21 14:26:30.127914-04:00,0,Marino Center - 2nd Floor,0,07/21/2023 12:01 AM,True
2023-07-21 14:26:30.128178-04:00,16,Functional Training Area,4,07/21/2023 02:19 PM,True
2023-07-21 14:26:30.128424-04:00,56.923076923077,Marino Center - 3rd Floor Weight Room,37,07/20/2023 10:49 PM,True
2023-07-21 14:26:30.128640-04:00,36.666666666667,Marino Center - 3rd Floor Select & Cardio,33,07/20/2023 10:49 PM,True
2023-07-21 14:26:30.128847-04:00,38.333333333333,SquashBusters - 4th Floor,23,07/21/2023 02:16 PM,True
2023-07-21 14:33:35.464840-04:00,0,Marino Center - 2nd Floor,0,07/21/2023 12:01 AM,True
2023-07-21 14:33:35.465056-04:00,16,Functional Training Area,4,07/21/2023 02:19 PM,True
2023-07-21 14:33:35.465229-04:00,56.923076923077,Marino Center - 3rd Floor Weight Room,37,07/20/2023 10:49 PM,True
2023-07-21 14:33:35.465402-04:00,36.666666666667,Marino Center - 3rd Floor Select & Cardio,33,07/20/2023 10:49 PM,True
2023-07-21 14:33:35.465565-04:00,38.333333333333,SquashBusters - 4th Floor,23,07/21/2023 02:16 PM,True
2023-07-21 14:46:01.037790-04:00,0,Marino Center - 2nd Floor,0,07/21/2023 12:01 AM,True
2023-07-21 14:46:01.038020-04:00,16,Functional Training Area,4,07/21/2023 02:19 PM,True
2023-07-21 14:46:01.038206-04:00,56.923076923077,Marino Center - 3rd Floor Weight Room,37,07/20/2023 10:49 PM,True
2023-07-21 14:46:01.038389-04:00,36.666666666667,Marino Center - 3rd Floor Select & Cardio,33,07/20/2023 10:49 PM,True
2023-07-21 14:46:01.038573-04:00,40,SquashBusters - 4th Floor,24,07/21/2023 02:42 PM,True
2023-07-21 15:01:36.050279-04:00,0,Marino Center - 2nd Floor,0,07/21/2023 12:01 AM,True
2023-07-21 15:01:36.050493-04:00,12,Functional Training Area,3,07/21/2023 02:50 PM,True
2023-07-21 15:01:36.050666-04:00,56.923076923077,Marino Center - 3rd Floor Weight Room,37,07/20/2023 10:49 PM,True
2023-07-21 15:01:36.050841-04:00,36.666666666667,Marino Center - 3rd Floor Select & Cardio,33,07/20/2023 10:49 PM,True
2023-07-21 15:01:36.051006-04:00,40,SquashBusters - 4th Floor,24,07/21/2023 02:42 PM,True
2023-07-21 15:16:39.578464-04:00,0,Marino Center - 2nd Floor,0,07/21/2023 12:01 AM,True
2023-07-21 15:16:39.578689-04:00,12,Functional Training Area,3,07/21/2023 02:50 PM,True
2023-07-21 15:16:39.578872-04:00,56.923076923077,Marino Center - 3rd Floor Weight Room,37,07/20/2023 10:49 PM,True
2023-07-21 15:16:39.579054-04:00,36.666666666667,Marino Center - 3rd Floor Select & Cardio,33,07/20/2023 10:49 PM,True
2023-07-21 15:16:39.579231-04:00,40,SquashBusters - 4th Floor,24,07/21/2023 02:42 PM,True
2023-07-21 15:31:12.824749-04:00,0,Marino Center - 2nd Floor,0,07/21/2023 12:01 AM,True
2023-07-21 15:31:12.824970-04:00,12,Functional Training Area,3,07/21/2023 03:23 PM,True
2023-07-21 15:31:12.825156-04:00,56.923076923077,Marino Center - 3rd Floor Weight Room,37,07/20/2023 10:49 PM,True
2023-07-21 15:31:12.825339-04:00,36.666666666667,Marino Center - 3rd Floor Select & Cardio,33,07/20/2023 10:49 PM,True
2023-07-21 15:31:12.825515-04:00,40,SquashBusters - 4th Floor,24,07/21/2023 02:42 PM,True
2023-07-21 15:45:54.559133-04:00,0,Marino Center - 2nd Floor,0,07/21/2023 12:01 AM,True
2023-07-21 15:45:54.559365-04:00,12,Functional Training Area,3,07/21/2023 03:23 PM,True
2023-07-21 15:45:54.559549-04:00,56.923076923077,Marino Center - 3rd Floor Weight Room,37,07/20/2023 10:49 PM,True
2023-07-21 15:45:54.559737-04:00,36.666666666667,Marino Center - 3rd Floor Select & Cardio,33,07/20/2023 10:49 PM,True
2023-07-21 15:45:54.559916-04:00,55,SquashBusters - 4th Floor,33,07/21/2023 03:30 PM,True
2023-07-21 16:04:03.240665-04:00,0,Marino Center - 2nd Floor,0,07/21/2023 03:51 PM,True
2023-07-21 16:04:03.240888-04:00,12,Functional Training Area,3,07/21/2023 03:23 PM,True
2023-07-21 16:04:03.241066-04:00,0,Marino Center - 3rd Floor Weight Room,0,07/21/2023 03:57 PM,True
2023-07-21 16:04:03.241238-04:00,0,Marino Center - 3rd Floor Select & Cardio,0,07/21/2023 03:57 PM,True
2023-07-21 16:04:03.241406-04:00,51.666666666667,SquashBusters - 4th Floor,31,07/21/2023 04:00 PM,True
2023-07-21 16:21:07.952894-04:00,0,Marino Center - 2nd Floor,0,07/21/2023 03:51 PM,True
2023-07-21 16:21:07.953153-04:00,12,Functional Training Area,3,07/21/2023 03:23 PM,True
2023-07-21 16:21:07.953372-04:00,0,Marino Center - 3rd Floor Weight Room,0,07/21/2023 03:57 PM,True
2023-07-21 16:21:07.953590-04:00,0,Marino Center - 3rd Floor Select & Cardio,0,07/21/2023 03:57 PM,True
2023-07-21 16:21:07.953800-04:00,51.666666666667,SquashBusters - 4th Floor,31,07/21/2023 04:00 PM,True
2023-07-21 16:31:15.587180-04:00,0,Marino Center - 2nd Floor,0,07/21/2023 03:51 PM,True
2023-07-21 16:31:15.587388-04:00,0,Functional Training Area,0,07/21/2023 04:25 PM,True
2023-07-21 16:31:15.587561-04:00,73.846153846154,Marino Center - 3rd Floor Weight Room,48,07/21/2023 04:29 PM,True
2023-07-21 16:31:15.587733-04:00,30,Marino Center - 3rd Floor Select & Cardio,27,07/21/2023 04:29 PM,True
2023-07-21 16:31:15.587898-04:00,50,SquashBusters - 4th Floor,30,07/21/2023 04:30 PM,True
2023-07-21 16:46:21.705155-04:00,14.285714285714,Marino Center - 2nd Floor,15,07/21/2023 04:36 PM,True
2023-07-21 16:46:21.705420-04:00,0,Functional Training Area,0,07/21/2023 04:25 PM,True
2023-07-21 16:46:21.705638-04:00,73.846153846154,Marino Center - 3rd Floor Weight Room,48,07/21/2023 04:29 PM,True
2023-07-21 16:46:21.705852-04:00,30,Marino Center - 3rd Floor Select & Cardio,27,07/21/2023 04:29 PM,True
2023-07-21 16:46:21.706058-04:00,50,SquashBusters - 4th Floor,30,07/21/2023 04:30 PM,True
2023-07-21 17:02:33.484375-04:00,25.714285714286,Marino Center - 2nd Floor,27,07/21/2023 05:01 PM,True
2023-07-21 17:02:33.484601-04:00,4,Functional Training Area,1,07/21/2023 04:46 PM,True
2023-07-21 17:02:33.484783-04:00,100,Marino Center - 3rd Floor Weight Room,66,07/21/2023 04:59 PM,True
2023-07-21 17:02:33.484962-04:00,45.555555555556,Marino Center - 3rd Floor Select & Cardio,41,07/21/2023 04:59 PM,True
2023-07-21 17:02:33.485135-04:00,61.666666666667,SquashBusters - 4th Floor,37,07/21/2023 05:00 PM,True
2023-07-21 17:20:45.571078-04:00,25.714285714286,Marino Center - 2nd Floor,27,07/21/2023 05:01 PM,True
2023-07-21 17:20:45.571339-04:00,4,Functional Training Area,1,07/21/2023 04:46 PM,True
2023-07-21 17:20:45.571555-04:00,100,Marino Center - 3rd Floor Weight Room,66,07/21/2023 04:59 PM,True
2023-07-21 17:20:45.571766-04:00,45.555555555556,Marino Center - 3rd Floor Select & Cardio,41,07/21/2023 04:59 PM,True
2023-07-21 17:20:45.571974-04:00,61.666666666667,SquashBusters - 4th Floor,37,07/21/2023 05:00 PM,True
2023-07-21 17:31:18.104492-04:00,25.714285714286,Marino Center - 2nd Floor,27,07/21/2023 05:01 PM,True
2023-07-21 17:31:18.104726-04:00,4,Functional Training Area,1,07/21/2023 04:46 PM,True
2023-07-21 17:31:18.104922-04:00,96.923076923077,Marino Center - 3rd Floor Weight Room,63,07/21/2023 05:29 PM,True
2023-07-21 17:31:18.105116-04:00,50,Marino Center - 3rd Floor Select & Cardio,45,07/21/2023 05:29 PM,True
2023-07-21 17:31:18.105302-04:00,61.666666666667,SquashBusters - 4th Floor,37,07/21/2023 05:00 PM,True
2023-07-21 17:46:01.831108-04:00,25.714285714286,Marino Center - 2nd Floor,27,07/21/2023 05:01 PM,True
2023-07-21 17:46:01.831371-04:00,4,Functional Training Area,1,07/21/2023 04:46 PM,True
2023-07-21 17:46:01.831583-04:00,96.923076923077,Marino Center - 3rd Floor Weight Room,63,07/21/2023 05:29 PM,True
2023-07-21 17:46:01.831792-04:00,50,Marino Center - 3rd Floor Select & Cardio,45,07/21/2023 05:29 PM,True
2023-07-21 17:46:01.831995-04:00,36.666666666667,SquashBusters - 4th Floor,22,07/21/2023 05:41 PM,True
2023-07-21 18:02:22.921718-04:00,25.714285714286,Marino Center - 2nd Floor,27,07/21/2023 05:01 PM,True
2023-07-21 18:02:22.921945-04:00,4,Functional Training Area,1,07/21/2023 04:46 PM,True
2023-07-21 18:02:22.922129-04:00,75.384615384615,Marino Center - 3rd Floor Weight Room,49,07/21/2023 06:00 PM,True
2023-07-21 18:02:22.922335-04:00,51.111111111111,Marino Center - 3rd Floor Select & Cardio,46,07/21/2023 06:00 PM,True
2023-07-21 18:02:22.922513-04:00,36.666666666667,SquashBusters - 4th Floor,22,07/21/2023 05:41 PM,True
2023-07-21 18:23:28.211711-04:00,25.714285714286,Marino Center - 2nd Floor,27,07/21/2023 05:01 PM,True
2023-07-21 18:23:28.211929-04:00,4,Functional Training Area,1,07/21/2023 04:46 PM,True
2023-07-21 18:23:28.212105-04:00,75.384615384615,Marino Center - 3rd Floor Weight Room,49,07/21/2023 06:00 PM,True
2023-07-21 18:23:28.212284-04:00,51.111111111111,Marino Center - 3rd Floor Select & Cardio,46,07/21/2023 06:00 PM,True
2023-07-21 18:23:28.212452-04:00,36.666666666667,SquashBusters - 4th Floor,22,07/21/2023 05:41 PM,True
2023-07-21 18:31:20.820088-04:00,25.714285714286,Marino Center - 2nd Floor,27,07/21/2023 05:01 PM,True
2023-07-21 18:31:20.820366-04:00,4,Functional Training Area,1,07/21/2023 04:46 PM,True
2023-07-21 18:31:20.820590-04:00,75.384615384615,Marino Center - 3rd Floor Weight Room,49,07/21/2023 06:00 PM,True
2023-07-21 18:31:20.820811-04:00,51.111111111111,Marino Center - 3rd Floor Select & Cardio,46,07/21/2023 06:00 PM,True
2023-07-21 18:31:20.821024-04:00,36.666666666667,SquashBusters - 4th Floor,22,07/21/2023 05:41 PM,True
2023-07-21 18:45:56.276917-04:00,25.714285714286,Marino Center - 2nd Floor,27,07/21/2023 05:01 PM,True
2023-07-21 18:45:56.277135-04:00,4,Functional Training Area,1,07/21/2023 04:46 PM,True
2023-07-21 18:45:56.277343-04:00,100,Marino Center - 3rd Floor Weight Room,66,07/21/2023 05:30 PM,True
2023-07-21 18:45:56.277519-04:00,45.555555555556,Marino Center - 3rd Floor Select & Cardio,41,07/21/2023 05:30 PM,True
2023-07-21 18:45:56.277686-04:00,36.666666666667,SquashBusters - 4th Floor,22,07/21/2023 05:41 PM,True
2023-07-21 19:03:18.877862-04:00,25.714285714286,Marino Center - 2nd Floor,27,07/21/2023 05:01 PM,True
2023-07-21 19:03:18.878105-04:00,4,Functional Training Area,1,07/21/2023 04:46 PM,True
2023-07-21 19:03:18.878300-04:00,89.230769230769,Marino Center - 3rd Floor Weight Room,58,07/21/2023 06:59 PM,True
2023-07-21 19:03:18.878491-04:00,66.666666666667,Marino Center - 3rd Floor Select & Cardio,60,07/21/2023 06:59 PM,True
2023-07-21 19:03:18.878678-04:00,36.666666666667,SquashBusters - 4th Floor,22,07/21/2023 05:41 PM,True
2023-07-21 19:19:40.909968-04:00,25.714285714286,Marino Center - 2nd Floor,27,07/21/2023 05:01 PM,True
2023-07-21 19:19:40.910292-04:00,4,Functional Training Area,1,07/21/2023 04:46 PM,True
2023-07-21 19:19:40.910676-04:00,89.230769230769,Marino Center - 3rd Floor Weight Room,58,07/21/2023 06:59 PM,True
2023-07-21 19:19:40.910920-04:00,66.666666666667,Marino Center - 3rd Floor Select & Cardio,60,07/21/2023 06:59 PM,True
2023-07-21 19:19:40.911147-04:00,36.666666666667,SquashBusters - 4th Floor,22,07/21/2023 05:41 PM,True
2023-07-21 19:31:11.929882-04:00,25.714285714286,Marino Center - 2nd Floor,27,07/21/2023 05:01 PM,True
2023-07-21 19:31:11.930116-04:00,4,Functional Training Area,1,07/21/2023 04:46 PM,True
2023-07-21 19:31:11.930349-04:00,89.230769230769,Marino Center - 3rd Floor Weight Room,58,07/21/2023 06:59 PM,True
2023-07-21 19:31:11.930519-04:00,66.666666666667,Marino Center - 3rd Floor Select & Cardio,60,07/21/2023 06:59 PM,True
2023-07-21 19:31:11.930683-04:00,36.666666666667,SquashBusters - 4th Floor,22,07/21/2023 05:41 PM,True
2023-07-21 19:46:08.089160-04:00,25.714285714286,Marino Center - 2nd Floor,27,07/21/2023 05:01 PM,True
2023-07-21 19:46:08.089430-04:00,4,Functional Training Area,1,07/21/2023 04:46 PM,True
2023-07-21 19:46:08.089777-04:00,89.230769230769,Marino Center - 3rd Floor Weight Room,58,07/21/2023 06:59 PM,True
2023-07-21 19:46:08.090178-04:00,66.666666666667,Marino Center - 3rd Floor Select & Cardio,60,07/21/2023 06:59 PM,True
2023-07-21 19:46:08.090409-04:00,36.666666666667,SquashBusters - 4th Floor,22,07/21/2023 05:41 PM,True
2023-07-21 20:35:00.469535-04:00,28.571428571429,Marino Center - 2nd Floor,30,07/21/2023 08:23 PM,True
2023-07-21 20:35:00.469794-04:00,4,Functional Training Area,1,07/21/2023 04:46 PM,True
2023-07-21 20:35:00.470007-04:00,43.076923076923,Marino Center - 3rd Floor Weight Room,28,07/21/2023 08:30 PM,True
2023-07-21 20:35:00.470222-04:00,40,Marino Center - 3rd Floor Select & Cardio,36,07/21/2023 08:30 PM,True
2023-07-21 20:35:00.470428-04:00,36.666666666667,SquashBusters - 4th Floor,22,07/21/2023 05:41 PM,True
2023-07-21 21:51:43.314155-04:00,20,Marino Center - 2nd Floor,21,07/21/2023 09:44 PM,True
2023-07-21 21:51:43.314419-04:00,4,Functional Training Area,1,07/21/2023 04:46 PM,True
2023-07-21 21:51:43.314636-04:00,36.923076923077,Marino Center - 3rd Floor Weight Room,24,07/21/2023 08:57 PM,True
2023-07-21 21:51:43.314848-04:00,34.444444444444,Marino Center - 3rd Floor Select & Cardio,31,07/21/2023 08:57 PM,True
2023-07-21 21:51:43.315053-04:00,36.666666666667,SquashBusters - 4th Floor,22,07/21/2023 05:41 PM,True
2023-07-21 22:25:40.499111-04:00,19.047619047619,Marino Center - 2nd Floor,20,07/21/2023 10:21 PM,True
2023-07-21 22:25:40.499356-04:00,4,Functional Training Area,1,07/21/2023 04:46 PM,True
2023-07-21 22:25:40.499554-04:00,46.153846153846,Marino Center - 3rd Floor Weight Room,30,07/21/2023 09:52 PM,True
2023-07-21 22:25:40.499753-04:00,27.777777777778,Marino Center - 3rd Floor Select & Cardio,25,07/21/2023 09:52 PM,True
2023-07-21 22:25:40.499974-04:00,36.666666666667,SquashBusters - 4th Floor,22,07/21/2023 05:41 PM,True
